gene_id	symbol_key	chrom	tss	strand	TATA	Inr	DPE	gc	cpg_oe	CpG_island	focused_TATA	broad_CpG_TATAless	coreprom_TATA	coreprom_Inr	coreprom_CpG_island	coreprom_focused_TATA_noCpG	coreprom_broad_CpG_TATAless
ZCCHC7	ZCCHC7	chr9	37120573	+	False	False	False	0.6633165829145728	0.924077083817042	True	False	True	False	False	True	False	True
DPM3	DPM3	chr1	155140530	-	False	False	True	0.6331658291457286	0.8824833702882483	True	False	True	False	False	True	False	True
WIPI1	WIPI1	chr17	68457495	-	False	False	False	0.8291457286432161	0.9295962629295963	True	False	True	False	False	True	False	True
HSPH1	HSPH1	chr13	31161903	-	False	False	False	0.6482412060301508	0.9068354430379747	True	False	True	False	False	True	False	True
SCAMP4	SCAMP4	chr19	1905398	+	False	False	False	0.7135678391959799	0.9124800637958532	True	False	True	False	False	True	False	True
FUCA1	FUCA1	chr1	23868289	-	False	False	False	0.7135678391959799	1.0364583333333333	True	False	True	False	False	True	False	True
UQCR11	UQCR11	chr19	1605461	-	False	False	True	0.7085427135678392	0.963291649858814	True	False	True	False	False	True	False	True
NIPAL3	NIPAL3	chr1	24415801	+	False	False	False	0.5326633165829145	0.5768115942028985	False	False	False	False	False	False	False	False
MSH2	MSH2	chr2	47403155	+	False	False	False	0.6633165829145728	1.0792871900826446	True	False	True	False	False	True	False	True
VPS26C	VPS26C	chr21	37267333	-	False	False	False	0.6381909547738693	0.9820779220779221	True	False	True	False	False	True	False	True
ITPR1	ITPR1	chr3	4493347	+	True	False	False	0.628140703517588	0.5190401669274909	False	True	False	True	False	False	True	False
MICB	MICB	chr6	31498144	+	False	False	False	0.5979899497487438	0.7459630911188004	True	False	True	False	False	True	False	True
DMAC2	DMAC2	chr19	41439911	-	False	False	False	0.5778894472361809	0.9045454545454545	True	False	True	False	False	True	False	True
RGS2	RGS2	chr1	192809038	+	False	False	False	0.6432160804020101	0.8764374847076095	True	False	True	False	False	True	False	True
RIOK2	RIOK2	chr5	97183246	-	False	False	False	0.5527638190954773	1.0698924731182795	True	False	True	False	False	True	False	True
EIF3D	EIF3D	chr22	36529165	-	False	False	False	0.6482412060301508	1.052910052910053	True	False	True	False	False	True	False	True
UCP2	UCP2	chr11	73982842	-	False	False	False	0.7738693467336684	0.9586083853702052	True	False	True	False	False	True	False	True
MLF2	MLF2	chr12	6753140	-	False	True	False	0.7688442211055276	0.7896825396825397	True	False	True	False	True	True	False	True
CIP2A	CIP2A	chr3	108589437	-	False	False	False	0.6482412060301508	0.8728070175438597	True	False	True	False	False	True	False	True
DMAC1	DMAC1	chr9	7799777	-	False	True	False	0.5879396984924623	0.9555822328931572	True	False	True	False	True	True	False	True
ZBTB48	ZBTB48	chr1	6579993	+	False	False	False	0.6984924623115578	1.031301824212272	True	False	True	False	False	True	False	True
GLOD4	GLOD4	chr17	782279	-	False	False	False	0.6532663316582915	1.2792857142857144	True	False	True	False	False	True	False	True
CUL7	CUL7	chr6	43053850	-	False	False	False	0.7135678391959799	0.7501984126984127	True	False	True	False	False	True	False	True
ARMCX3	ARMCX3	chrX	101623150	+	False	False	False	0.6432160804020101	0.600754716981132	False	False	False	False	False	False	False	False
NEURL4	NEURL4	chr17	7329334	-	False	False	False	0.7537688442211056	0.759265988372093	True	False	True	False	False	True	False	True
GIN1	GIN1	chr5	103120137	-	False	False	False	0.5326633165829145	0.9239285714285714	False	False	False	False	False	False	False	False
CCDC186	CCDC186	chr10	114174202	-	False	False	False	0.6482412060301508	0.8143957631198845	True	False	True	False	False	True	False	True
SHPRH	SHPRH	chr6	145964357	-	False	False	False	0.628140703517588	0.9170506912442397	True	False	True	False	False	True	False	True
DYNC2LI1	DYNC2LI1	chr2	43774038	+	False	False	False	0.6080402010050251	0.9476190476190476	True	False	True	False	False	True	False	True
ZNF655	ZNF655	chr7	99558641	+	False	False	False	0.7135678391959799	0.6336318407960199	False	False	False	False	False	False	False	False
ZNF282	ZNF282	chr7	149195545	+	False	False	False	0.6683417085427136	0.6360730593607306	False	False	False	False	False	False	False	False
SEC13	SEC13	chr3	10321111	-	False	False	False	0.7035175879396985	0.9409950657894737	True	False	True	False	False	True	False	True
RECQL5	RECQL5	chr17	75667153	-	False	False	False	0.5728643216080402	0.9190270935960592	True	False	True	False	False	True	False	True
NBR1	NBR1	chr17	43171213	+	False	False	False	0.5879396984924623	0.7764105642256903	True	False	True	False	False	True	False	True
LY6G5C	LY6G5C	chr6	31681066	-	False	False	False	0.4723618090452261	0.09111721611721611	False	False	False	False	False	False	False	False
PTGR1	PTGR1	chr9	111599646	-	False	False	False	0.6482412060301508	0.5163466528282304	False	False	False	False	False	False	False	False
SPAG5	SPAG5	chr17	28599024	-	False	False	False	0.6482412060301508	0.9154963680387409	True	False	True	False	False	True	False	True
CFAP418	CFAP418	chr8	95269200	-	False	False	False	0.6130653266331658	0.8162428219852338	True	False	True	False	False	True	False	True
RNF19A	RNF19A	chr8	100309952	-	False	False	False	0.7185929648241206	0.9346379647749511	True	False	True	False	False	True	False	True
SPG11	SPG11	chr15	44663661	-	False	False	False	0.6934673366834171	1.1055555555555556	True	False	True	False	False	True	False	True
LHFPL6	LHFPL6	chr13	39603192	-	False	False	False	0.7537688442211056	0.9400436046511628	True	False	True	False	False	True	False	True
IGFBP6	IGFBP6	chr12	53097666	+	False	False	False	0.6884422110552764	0.43073593073593075	False	False	False	False	False	False	False	False
B4GALT1	B4GALT1	chr9	33167335	-	False	False	False	0.7989949748743719	0.8492659610788665	True	False	True	False	False	True	False	True
EPG5	EPG5	chr18	45967328	-	False	False	False	0.6180904522613065	1.0191374663072776	True	False	True	False	False	True	False	True
CFB	CFB	chr6	31946094	+	True	False	False	0.5829145728643216	0.25611325611325614	False	True	False	True	False	False	True	False
ERMARD	ERMARD	chr6	169751621	+	False	False	False	0.7135678391959799	0.9629032258064516	True	False	True	False	False	True	False	True
CENPN	CENPN	chr16	81007213	+	False	False	False	0.6633165829145728	0.704840613931523	True	False	True	False	False	True	False	True
G2E3	G2E3	chr14	30559157	+	False	False	False	0.678391959798995	0.9634683098591549	True	False	True	False	False	True	False	True
AGK	AGK	chr7	141551409	+	False	False	False	0.7437185929648241	1.0293103448275862	True	False	True	False	False	True	False	True
RPP40	RPP40	chr6	5004036	-	False	False	False	0.7336683417085427	0.8342225609756098	True	False	True	False	False	True	False	True
METTL1	METTL1	chr12	57772104	-	False	False	False	0.6180904522613065	0.8423280423280424	True	False	True	False	False	True	False	True
SSNA1	SSNA1	chr9	137188675	+	False	False	False	0.7085427135678392	1.2188648427929767	True	False	True	False	False	True	False	True
NABP2	NABP2	chr12	56224341	+	False	False	False	0.7437185929648241	0.8089430894308943	True	False	True	False	False	True	False	True
NAA30	NAA30	chr14	57390585	+	False	False	False	0.6884422110552764	0.8291666666666667	True	False	True	False	False	True	False	True
CAMTA1	CAMTA1	chr1	6785453	+	False	False	False	0.8040201005025126	1.2301818181818183	True	False	True	False	False	True	False	True
TMEM129	TMEM129	chr4	1721322	-	False	False	False	0.6984924623115578	0.7896825396825397	True	False	True	False	False	True	False	True
TMEM237	TMEM237	chr2	201643502	-	False	False	False	0.7638190954773869	0.7958615892888193	True	False	True	False	False	True	False	True
MREG	MREG	chr2	216013550	-	False	False	False	0.6633165829145728	1.1421028466483012	True	False	True	False	False	True	False	True
SPTY2D1	SPTY2D1	chr11	18634341	-	False	False	False	0.6633165829145728	0.6697115384615384	True	False	True	False	False	True	False	True
BOD1L1	BOD1L1	chr4	13627724	-	False	True	False	0.6381909547738693	1.078173374613003	True	False	True	False	True	True	False	True
RPE	RPE	chr2	210002637	+	False	False	False	0.6331658291457286	0.8601576404780066	True	False	True	False	False	True	False	True
RPUSD2	RPUSD2	chr15	40569298	+	False	False	False	0.6080402010050251	0.8713738368910783	True	False	True	False	False	True	False	True
MRPL14	MRPL14	chr6	44127451	-	False	False	False	0.7989949748743719	0.9715488215488215	True	False	True	False	False	True	False	True
CREBL2	CREBL2	chr12	12611875	+	False	False	False	0.6482412060301508	0.8698397280233123	True	False	True	False	False	True	False	True
HPS4	HPS4	chr22	26483782	-	False	False	False	0.7085427135678392	0.9648484848484848	True	False	True	False	False	True	False	True
SNRPN	SNRPN	chr15	24954986	+	False	False	False	0.6884422110552764	0.9212962962962963	True	False	True	False	False	True	False	True
HCFC1	HCFC1	chrX	153971817	-	False	False	False	0.6532663316582915	0.9422348484848485	True	False	True	False	False	True	False	True
ZNF775	ZNF775	chr7	150379329	+	False	False	False	0.6884422110552764	0.6438740293356342	False	False	False	False	False	False	False	False
ORMDL1	ORMDL1	chr2	189784338	-	False	False	False	0.7286432160804021	1.0485948477751756	True	False	True	False	False	True	False	True
HDGF	HDGF	chr1	156751674	-	False	False	False	0.7135678391959799	0.9981191222570532	True	False	True	False	False	True	False	True
RPL13A	RPL13A	chr19	49487607	+	False	False	False	0.6381909547738693	0.9424227318045862	True	False	True	False	False	True	False	True
CUTA	CUTA	chr6	33418106	-	False	False	False	0.5778894472361809	0.6706495098039216	True	False	True	False	False	True	False	True
IFT43	IFT43	chr14	75985762	+	False	False	False	0.6030150753768844	0.8120081608860391	True	False	True	False	False	True	False	True
ZNF530	ZNF530	chr19	57599884	+	False	False	False	0.6130653266331658	0.704520697167756	True	False	True	False	False	True	False	True
EIF2B4	EIF2B4	chr2	27370337	-	False	False	False	0.7236180904522613	0.9040094805451313	True	False	True	False	False	True	False	True
SCLY	SCLY	chr2	238061000	+	False	False	False	0.7788944723618091	0.9054600606673407	True	False	True	False	False	True	False	True
EME1	EME1	chr17	50373228	+	False	False	False	0.6080402010050251	0.8713738368910783	True	False	True	False	False	True	False	True
VMP1	VMP1	chr17	59707653	+	False	False	False	0.6532663316582915	0.9024943310657596	True	False	True	False	False	True	False	True
MTFR1	MTFR1	chr8	65644733	+	False	False	False	0.6381909547738693	0.688031914893617	True	False	True	False	False	True	False	True
RRM1	RRM1	chr11	4094798	+	False	False	False	0.6180904522613065	0.9997355896351137	True	False	True	False	False	True	False	True
IPPK	IPPK	chr9	92670130	-	False	False	False	0.7437185929648241	1.056959706959707	True	False	True	False	False	True	False	True
PRKAB1	PRKAB1	chr12	119668132	+	False	False	False	0.6934673366834171	0.754899894625922	True	False	True	False	False	True	False	True
SNRNP35	SNRNP35	chr12	123458138	+	False	False	False	0.5628140703517588	1.0422258592471358	True	False	True	False	False	True	False	True
RPL27A	RPL27A	chr11	8682791	+	False	False	False	0.6231155778894473	0.7865612648221344	True	False	True	False	False	True	False	True
GTF2A1	GTF2A1	chr14	81220958	-	False	False	False	0.7437185929648241	0.9927937915742794	True	False	True	False	False	True	False	True
ZNF84	ZNF84	chr12	133037508	+	False	False	False	0.7487437185929648	1.2991551459293396	True	False	True	False	False	True	False	True
RAB14	RAB14	chr9	121201868	-	False	False	False	0.6582914572864321	0.7474178403755869	True	False	True	False	False	True	False	True
CCDC62	CCDC62	chr12	122774571	+	False	False	False	0.8090452261306532	0.9342723004694836	True	False	True	False	False	True	False	True
DUSP4	DUSP4	chr8	29350683	-	False	False	False	0.678391959798995	0.9099222679469593	True	False	True	False	False	True	False	True
FUT8	FUT8	chr14	65412729	+	False	False	False	0.7487437185929648	1.1515370705244123	True	False	True	False	False	True	False	True
RPL35	RPL35	chr9	124861956	-	False	False	False	0.7336683417085427	0.9479801829268293	True	False	True	False	False	True	False	True
LUZP1	LUZP1	chr1	23168855	-	False	False	False	0.6834170854271356	0.8614718614718615	True	False	True	False	False	True	False	True
ARRDC2	ARRDC2	chr19	18008169	+	True	False	False	0.6733668341708543	1.2012072434607646	True	False	False	True	False	True	False	False
AASDHPPT	AASDHPPT	chr11	106077661	+	False	False	False	0.6834170854271356	0.9328125	True	False	True	False	False	True	False	True
SAPCD2	SAPCD2	chr9	137070556	-	False	False	False	0.6984924623115578	1.003783102143758	True	False	True	False	False	True	False	True
RPLP0	RPLP0	chr12	120201110	-	True	False	False	0.6180904522613065	1.0976282404853834	True	False	False	True	False	True	False	False
MANBA	MANBA	chr4	102760967	-	False	False	False	0.6984924623115578	0.8274428274428275	True	False	True	False	False	True	False	True
PRICKLE3	PRICKLE3	chrX	49186372	-	False	False	False	0.7336683417085427	0.9725563909774436	True	False	True	False	False	True	False	True
CEP15	CEP15	chr3	62319021	+	False	False	False	0.6834170854271356	1.0074840413823465	True	False	True	False	False	True	False	True
RPL24	RPL24	chr3	101686717	-	False	False	False	0.542713567839196	0.7635158702476457	False	False	False	False	False	False	False	False
FKBP8	FKBP8	chr19	18543572	-	False	False	False	0.7688442211055276	0.8306715063520871	True	False	True	False	False	True	False	True
MFSD13A	MFSD13A	chr10	102461394	+	False	False	False	0.7487437185929648	0.9267883755588674	True	False	True	False	False	True	False	True
KAT6B	KAT6B	chr10	74826599	+	False	False	False	0.6080402010050251	0.8918767507002802	True	False	True	False	False	True	False	True
TXNDC11	TXNDC11	chr16	11742856	-	False	False	False	0.7889447236180904	1.1191944847605224	True	False	True	False	False	True	False	True
SNX11	SNX11	chr17	48107765	+	False	False	False	0.7185929648241206	0.7867249271743654	True	False	True	False	False	True	False	True
ZRANB2	ZRANB2	chr1	71081034	-	False	False	False	0.5577889447236181	0.715359477124183	True	False	True	False	False	True	False	True
ATF6B	ATF6B	chr6	32128245	-	False	False	False	0.592964824120603	0.6514880952380953	True	False	True	False	False	True	False	True
DHRS4L2	DHRS4L2	chr14	23988928	+	False	False	False	0.678391959798995	0.4810989010989011	False	False	False	False	False	False	False	False
PAIP2	PAIP2	chr5	139341853	+	False	False	False	0.6683417085427136	1.206060606060606	True	False	True	False	False	True	False	True
IDH3A	IDH3A	chr15	78149361	+	False	False	False	0.7336683417085427	0.9535416666666666	True	False	True	False	False	True	False	True
OSGEP	OSGEP	chr14	20454811	-	False	False	False	0.6532663316582915	0.6136148007590133	False	False	False	False	False	False	False	False
TRAF6	TRAF6	chr11	36510271	-	False	False	False	0.7085427135678392	0.7236363636363636	True	False	True	False	False	True	False	True
FAM43A	FAM43A	chr3	194685882	+	False	False	False	0.6733668341708543	0.9754901960784313	True	False	True	False	False	True	False	True
DSCC1	DSCC1	chr8	119855893	-	False	False	False	0.7185929648241206	1.0389558232931726	True	False	True	False	False	True	False	True
ATP5PD	ATP5PD	chr17	75046968	-	False	False	False	0.6180904522613065	0.4222811671087533	False	False	False	False	False	False	False	False
THAP11	THAP11	chr16	67842319	+	False	False	False	0.7638190954773869	0.9754901960784313	True	False	True	False	False	True	False	True
LTB	LTB	chr6	31582423	-	False	True	False	0.6633165829145728	0.09707317073170732	False	False	False	False	True	False	False	False
FABP5	FABP5	chr8	81280535	+	False	False	False	0.7437185929648241	0.9192535107169254	True	False	True	False	False	True	False	True
MORC3	MORC3	chr21	36320196	+	False	False	False	0.6834170854271356	0.7746539792387543	True	False	True	False	False	True	False	True
ACLY	ACLY	chr17	41918950	-	False	False	False	0.6884422110552764	1.0727762803234502	True	False	True	False	False	True	False	True
LSM7	LSM7	chr19	2328585	-	False	False	False	0.7236180904522613	1.0919067215363512	True	False	True	False	False	True	False	True
CCNF	CCNF	chr16	2429446	+	False	False	False	0.7788944723618091	1.1171929824561404	True	False	True	False	False	True	False	True
GABPA	GABPA	chr21	25734971	+	False	False	False	0.6482412060301508	0.9212962962962963	True	False	True	False	False	True	False	True
PHF3	PHF3	chr6	63635801	+	False	False	False	0.7788944723618091	1.130304042766455	True	False	True	False	False	True	False	True
AK8	AK8	chr9	132878283	-	False	False	False	0.7085427135678392	1.1238402581686164	True	False	True	False	False	True	False	True
ATP5MF	ATP5MF	chr7	99466166	-	False	False	False	0.6381909547738693	0.5925558312655087	False	False	False	False	False	False	False	False
MRPL34	MRPL34	chr19	17305871	+	False	False	False	0.5979899497487438	0.6757215619694398	True	False	True	False	False	True	False	True
LZTS2	LZTS2	chr10	100999807	+	False	False	False	0.8793969849246231	0.8520203371688521	True	False	True	False	False	True	False	True
BIVM	BIVM	chr13	102799118	+	False	False	False	0.6030150753768844	0.9952764656849125	True	False	True	False	False	True	False	True
RBM6	RBM6	chr3	49940149	+	False	False	False	0.7185929648241206	0.9523512276321265	True	False	True	False	False	True	False	True
H2AC16	H2AC16	chr6	27865316	+	False	False	False	0.4824120603015075	0.9517391304347826	False	False	False	False	False	False	False	False
POMGNT2	POMGNT2	chr3	43106078	-	False	False	False	0.7386934673366834	1.0683080340614588	True	False	True	False	False	True	False	True
TCEA1	TCEA1	chr8	54022447	-	False	False	False	0.6934673366834171	0.8794191919191919	True	False	True	False	False	True	False	True
NEIL3	NEIL3	chr4	177309873	+	False	False	False	0.6532663316582915	0.8163610038610039	True	False	True	False	False	True	False	True
ARFIP1	ARFIP1	chr4	152779953	+	False	False	True	0.6381909547738693	0.8077118214104515	True	False	True	False	False	True	False	True
ZNF606	ZNF606	chr19	58002819	-	False	False	False	0.7437185929648241	0.8779411764705882	True	False	True	False	False	True	False	True
TICRR	TICRR	chr15	89575468	+	False	False	False	0.5829145728643216	0.6003016591251885	False	False	False	False	False	False	False	False
GCAT	GCAT	chr22	37807933	+	False	False	False	0.7437185929648241	0.9491836360300863	True	False	True	False	False	True	False	True
SLC25A19	SLC25A19	chr17	75289432	-	False	False	False	0.6381909547738693	0.8928215353938186	True	False	True	False	False	True	False	True
TBX6	TBX6	chr16	30091923	-	False	False	False	0.6683417085427136	0.9945479327578374	True	False	True	False	False	True	False	True
KAT2A	KAT2A	chr17	42121366	-	False	False	False	0.7085427135678392	0.8027430415490117	True	False	True	False	False	True	False	True
HARS2	HARS2	chr5	140691454	+	False	False	False	0.5979899497487438	0.899943470887507	True	False	True	False	False	True	False	True
DCAF7	DCAF7	chr17	63550476	+	False	False	False	0.6683417085427136	1.1812785388127853	True	False	True	False	False	True	False	True
TMEM126B	TMEM126B	chr11	85628592	+	False	False	False	0.6331658291457286	0.6172137503230809	False	False	False	False	False	False	False	False
ZC2HC1A	ZC2HC1A	chr8	78666088	+	False	False	False	0.6934673366834171	0.8521523551949516	True	False	True	False	False	True	False	True
PHLDA3	PHLDA3	chr1	201469187	-	False	False	False	0.7788944723618091	0.8926846100759144	True	False	True	False	False	True	False	True
RALBP1	RALBP1	chr18	9475512	+	False	False	False	0.7185929648241206	0.9337005303957568	True	False	True	False	False	True	False	True
CMTR1	CMTR1	chr6	37433220	+	False	False	False	0.7386934673366834	0.94834159359512	True	False	True	False	False	True	False	True
SHROOM1	SHROOM1	chr5	132830646	-	False	False	False	0.7939698492462312	0.9504281949934124	True	False	True	False	False	True	False	True
RHBDD1	RHBDD1	chr2	226836053	+	False	False	False	0.6934673366834171	1.21622760800843	True	False	True	False	False	True	False	True
ADO	ADO	chr10	62804719	+	False	False	False	0.6180904522613065	1.0013241525423728	True	False	True	False	False	True	False	True
ELOA	ELOA	chr1	23743470	+	False	False	False	0.7487437185929648	1.0477487291212781	True	False	True	False	False	True	False	True
GPR89B	GPR89B	chr1	147928419	+	False	False	False	0.7135678391959799	0.6095568715540126	False	False	False	False	False	False	False	False
ZDHHC14	ZDHHC14	chr6	157381189	+	False	False	False	0.7638190954773869	0.9013937282229966	True	False	True	False	False	True	False	True
LPCAT3	LPCAT3	chr12	7018475	-	False	False	False	0.7336683417085427	0.9689592209373098	True	False	True	False	False	True	False	True
WBP2	WBP2	chr17	75855334	-	False	False	False	0.5829145728643216	0.9204440333024977	True	False	True	False	False	True	False	True
NQO1	NQO1	chr16	69726559	-	True	False	False	0.6381909547738693	0.7067478437341451	True	False	False	True	False	True	False	False
EMC8	EMC8	chr16	85799543	-	False	False	False	0.6984924623115578	1.101319710515113	True	False	True	False	False	True	False	True
RPS27A	RPS27A	chr2	55232687	+	False	False	False	0.6231155778894473	0.7783572359843546	True	False	True	False	False	True	False	True
NDUFAF8	NDUFAF8	chr17	81239317	+	False	False	False	0.6331658291457286	0.9308731808731808	True	False	True	False	False	True	False	True
PDHA1	PDHA1	chrX	19343926	+	False	False	False	0.7085427135678392	0.9265182186234818	True	False	True	False	False	True	False	True
CYB5RL	CYB5RL	chr1	54200029	-	False	False	False	0.542713567839196	0.5461406518010291	False	False	False	False	False	False	False	False
ECHS1	ECHS1	chr10	133373353	-	False	False	False	0.7587939698492462	0.8758802816901409	True	False	True	False	False	True	False	True
CENPM	CENPM	chr22	41947151	-	False	False	False	0.6432160804020101	0.8764374847076095	True	False	True	False	False	True	False	True
NCAPD3	NCAPD3	chr11	134223966	-	False	False	False	0.6482412060301508	1.1260288065843622	True	False	True	False	False	True	False	True
EIF2S1	EIF2S1	chr14	67360327	+	False	False	False	0.5829145728643216	1.014335775724753	True	False	True	False	False	True	False	True
KLHL9	KLHL9	chr9	21335403	-	False	False	False	0.6884422110552764	0.55995670995671	False	False	False	False	False	False	False	False
MAD1L1	MAD1L1	chr7	2232944	-	False	False	False	0.7236180904522613	1.269790628115653	True	False	True	False	False	True	False	True
VARS2	VARS2	chr6	30914237	+	False	False	False	0.7336683417085427	0.8229323308270676	True	False	True	False	False	True	False	True
ARHGEF3	ARHGEF3	chr3	56801948	-	False	False	False	0.7487437185929648	0.8309731299927379	True	False	True	False	False	True	False	True
IRAK4	IRAK4	chr12	43758950	+	False	False	True	0.6582914572864321	0.8817630597014925	True	False	True	False	False	True	False	True
ACAT1	ACAT1	chr11	108121566	+	False	False	False	0.7236180904522613	0.8486140724946695	True	False	True	False	False	True	False	True
CCNL2	CCNL2	chr1	1399334	-	False	False	False	0.7839195979899497	1.1401041666666667	True	False	True	False	False	True	False	True
CKS1B	CKS1B	chr1	154974680	+	False	False	False	0.5678391959798995	1.1460027100271002	True	False	True	False	False	True	False	True
EIF4A2	EIF4A2	chr3	186783576	+	True	False	False	0.542713567839196	1.2634920634920634	False	True	False	True	False	False	True	False
GGA2	GGA2	chr16	23510493	-	False	False	False	0.7487437185929648	0.984065934065934	True	False	True	False	False	True	False	True
ST3GAL4	ST3GAL4	chr11	126355685	+	False	False	False	0.7989949748743719	0.9362426995457496	True	False	True	False	False	True	False	True
BZW1	BZW1	chr2	200811909	+	False	False	False	0.6482412060301508	1.0094202898550724	True	False	True	False	False	True	False	True
HTT	HTT	chr4	3074680	+	False	False	False	0.7386934673366834	0.9209552017771195	True	False	True	False	False	True	False	True
ARID3A	ARID3A	chr19	926034	+	False	False	False	0.7839195979899497	1.050316678395496	True	False	True	False	False	True	False	True
UQCC4	UQCC4	chr16	1420746	-	False	False	False	0.6532663316582915	1.1095757575757577	True	False	True	False	False	True	False	True
CEP85L	CEP85L	chr6	118651590	-	False	False	False	0.7688442211055276	0.9270186335403726	True	False	True	False	False	True	False	True
N4BP3	N4BP3	chr5	178113531	+	False	False	False	0.7939698492462312	0.9567307692307693	True	False	True	False	False	True	False	True
MRPL41	MRPL41	chr9	137551878	+	False	False	False	0.7487437185929648	1.0398198198198199	True	False	True	False	False	True	False	True
EDF1	EDF1	chr9	136866307	-	False	False	False	0.7336683417085427	1.0099624060150376	True	False	True	False	False	True	False	True
MED11	MED11	chr17	4731427	+	False	False	False	0.5829145728643216	1.0083457526080477	True	False	True	False	False	True	False	True
SNAP29	SNAP29	chr22	20859006	+	False	False	False	0.7788944723618091	1.1036974789915965	True	False	True	False	False	True	False	True
C12orf57	C12ORF57	chr12	6944021	+	False	False	True	0.5376884422110553	0.8559139784946237	False	False	False	False	False	False	False	False
EID2B	EID2B	chr19	39532851	-	False	False	False	0.6030150753768844	1.0514460511679644	True	False	True	False	False	True	False	True
ZDHHC7	ZDHHC7	chr16	85011534	-	False	True	False	0.7236180904522613	0.9433142405688327	True	False	True	False	True	True	False	True
KANSL2	KANSL2	chr12	48682237	-	False	False	False	0.6331658291457286	0.9308731808731808	True	False	True	False	False	True	False	True
KHDRBS1	KHDRBS1	chr1	32013867	+	False	False	False	0.7286432160804021	1.144994246260069	True	False	True	False	False	True	False	True
BLM	BLM	chr15	90717345	+	False	False	False	0.6683417085427136	0.9329582747304266	True	False	True	False	False	True	False	True
DDIT4	DDIT4	chr10	72273923	+	False	False	False	0.6884422110552764	0.8383592017738359	True	False	True	False	False	True	False	True
FFAR3	FFAR3	chr19	35358459	+	False	False	False	0.5628140703517588	0.39083469721767594	False	False	False	False	False	False	False	False
HAUS2	HAUS2	chr15	42548837	+	False	False	False	0.7236180904522613	1.115169082125604	True	False	True	False	False	True	False	True
CKAP5	CKAP5	chr11	46846279	-	False	False	False	0.6432160804020101	0.8822660098522167	True	False	True	False	False	True	False	True
CHD4	CHD4	chr12	6607378	-	False	False	False	0.7185929648241206	0.9337005303957568	True	False	True	False	False	True	False	True
RWDD1	RWDD1	chr6	116571503	+	False	False	False	0.7185929648241206	0.8206991358994501	True	False	True	False	False	True	False	True
SH2D3A	SH2D3A	chr19	6767434	-	False	False	False	0.6834170854271356	0.4100274725274725	False	False	False	False	False	False	False	False
HMGA1	HMGA1	chr6	34236872	+	False	False	False	0.678391959798995	0.7896825396825397	True	False	True	False	False	True	False	True
COPG2	COPG2	chr7	130668747	-	False	False	False	0.7236180904522613	1.0265873015873015	True	False	True	False	False	True	False	True
WBP4	WBP4	chr13	41061508	+	False	False	False	0.6381909547738693	0.8997340425531914	True	False	True	False	False	True	False	True
PGLS	PGLS	chr19	17511648	+	False	False	False	0.6884422110552764	0.9872735116479724	True	False	True	False	False	True	False	True
ZBED2	ZBED2	chr3	111595345	-	False	True	False	0.5276381909547738	0.1482861400894188	False	False	False	False	True	False	False	False
GRWD1	GRWD1	chr19	48445982	+	False	False	False	0.6231155778894473	1.2163167685357428	True	False	True	False	False	True	False	True
ALKBH1	ALKBH1	chr14	77708022	-	False	False	False	0.6080402010050251	1.045052515201769	True	False	True	False	False	True	False	True
ELMO2	ELMO2	chr20	46406614	-	False	False	False	0.7085427135678392	0.830989010989011	True	False	True	False	False	True	False	True
KIF1B	KIF1B	chr1	10210569	+	False	False	False	0.7939698492462312	1.1224818694601129	True	False	True	False	False	True	False	True
ZMIZ1	ZMIZ1	chr10	79068965	+	False	False	False	0.6231155778894473	1.1436781609195403	True	False	True	False	False	True	False	True
WDFY1	WDFY1	chr2	223945334	-	False	False	False	0.7638190954773869	0.9303896103896104	True	False	True	False	False	True	False	True
SERPINB9	SERPINB9	chr6	2903308	-	True	False	False	0.7487437185929648	1.0094202898550724	True	False	False	True	False	True	False	False
PAIP1	PAIP1	chr5	43557076	-	False	False	False	0.7939698492462312	0.9397492265103403	True	False	True	False	False	True	False	True
PBX4	PBX4	chr19	19618686	-	False	False	False	0.7788944723618091	1.0274816788807462	True	False	True	False	False	True	False	True
DIMT1	DIMT1	chr5	62403904	-	False	False	False	0.6633165829145728	0.6852617079889807	True	False	True	False	False	True	False	True
THOC3	THOC3	chr5	175968314	-	False	False	False	0.628140703517588	1.0545839957604664	True	False	True	False	False	True	False	True
ATP5MK	ATP5MK	chr10	103396474	-	False	False	False	0.628140703517588	1.015882019285309	True	False	True	False	False	True	False	True
FRAT2	FRAT2	chr10	97334728	-	False	False	False	0.7437185929648241	1.0734747023809523	True	False	True	False	False	True	False	True
DCAKD	DCAKD	chr17	45051631	-	False	False	False	0.7738693467336684	0.9500426257459506	True	False	True	False	False	True	False	True
DGCR6L	DGCR6L	chr22	20320059	-	False	False	False	0.7638190954773869	1.2257246376811595	True	False	True	False	False	True	False	True
TAOK2	TAOK2	chr16	29973867	+	False	False	False	0.7035175879396985	0.7531539108494533	True	False	True	False	False	True	False	True
PHC3	PHC3	chr3	170181732	-	False	False	False	0.6633165829145728	0.8504273504273504	True	False	True	False	False	True	False	True
HEATR5B	HEATR5B	chr2	37084371	-	False	False	False	0.6030150753768844	0.6662946428571429	True	False	True	False	False	True	False	True
SLC25A11	SLC25A11	chr17	4940045	-	False	False	False	0.7185929648241206	1.1807753164556962	True	False	True	False	False	True	False	True
HSPBP1	HSPBP1	chr19	55280109	-	False	False	False	0.628140703517588	1.001854795972443	True	False	True	False	False	True	False	True
PSMD12	PSMD12	chr17	67366576	-	False	False	False	0.7236180904522613	0.9008230452674897	True	False	True	False	False	True	False	True
B3GALT9	B3GALT9	chr9	120793466	+	False	False	False	0.7437185929648241	0.8800442233278054	True	False	True	False	False	True	False	True
RPLP1	RPLP1	chr15	69452817	+	False	False	False	0.6733668341708543	0.9311497326203209	True	False	True	False	False	True	False	True
SLC25A6	SLC25A6	chrX	1392112	-	False	False	False	0.7537688442211056	1.0266856431239992	True	False	True	False	False	True	False	True
MFAP1	MFAP1	chr15	43824689	-	False	False	False	0.507537688442211	1.1733490566037736	False	False	False	False	False	False	False	False
ATXN7L3	ATXN7L3	chr17	44199883	-	False	False	False	0.7788944723618091	1.1371428571428572	True	False	True	False	False	True	False	True
CNST	CNST	chr1	246566455	+	False	False	False	0.6984924623115578	0.9487976782752903	True	False	True	False	False	True	False	True
CEP57L1	CEP57L1	chr6	109095506	+	False	False	False	0.5879396984924623	1.0153061224489797	True	False	True	False	False	True	False	True
SVIP	SVIP	chr11	22829800	-	False	False	False	0.7487437185929648	0.808047249907715	True	False	True	False	False	True	False	True
ADAT2	ADAT2	chr6	143450694	-	False	False	False	0.678391959798995	0.8739569609134826	True	False	True	False	False	True	False	True
AMDHD2	AMDHD2	chr16	2520370	+	False	False	False	0.7537688442211056	1.2166876461068152	True	False	True	False	False	True	False	True
XRN1	XRN1	chr3	142448036	-	False	False	False	0.6984924623115578	1.0495780590717299	True	False	True	False	False	True	False	True
TOPBP1	TOPBP1	chr3	133661940	-	False	False	True	0.6633165829145728	1.0626886463895984	True	False	True	False	False	True	False	True
SEC22C	SEC22C	chr3	42581966	-	False	False	False	0.7085427135678392	0.9197478991596638	True	False	True	False	False	True	False	True
AZIN1	AZIN1	chr8	102864162	-	True	True	False	0.6080402010050251	1.0572609208972845	True	False	False	True	True	True	False	False
BLTP1	BLTP1	chr4	122152330	+	False	False	False	0.7537688442211056	0.7795584045584045	True	False	True	False	False	True	False	True
PLK2	PLK2	chr5	58460085	-	True	False	False	0.678391959798995	1.011268228015908	True	False	False	True	False	True	False	False
ZNF337	ZNF337	chr20	25696852	-	False	False	False	0.7035175879396985	1.0578613780413004	True	False	True	False	False	True	False	True
BRMS1	BRMS1	chr11	66345103	-	False	False	False	0.6633165829145728	0.9170506912442397	True	False	True	False	False	True	False	True
ITGAL	ITGAL	chr16	30472741	+	False	False	False	0.5879396984924623	0.24033816425120774	False	False	False	False	False	False	False	False
RWDD4	RWDD4	chr4	183659184	-	False	False	False	0.6984924623115578	0.9170506912442397	True	False	True	False	False	True	False	True
STAT4	STAT4	chr2	191150993	-	False	False	True	0.5577889447236181	0.3275181040157999	False	False	False	False	False	False	False	False
CYP20A1	CYP20A1	chr2	203239017	+	False	False	False	0.678391959798995	0.8735733099209834	True	False	True	False	False	True	False	True
PDAP1	PDAP1	chr7	99408596	-	False	False	False	0.7336683417085427	0.9045454545454545	True	False	True	False	False	True	False	True
DTWD1	DTWD1	chr15	49621047	+	False	False	False	0.678391959798995	1.0059340659340659	True	False	True	False	False	True	False	True
TIMM8A	TIMM8A	chrX	101348741	-	False	False	False	0.6733668341708543	0.9444067796610169	True	False	True	False	False	True	False	True
USP36	USP36	chr17	78840813	-	False	False	False	0.7185929648241206	1.1512396694214877	True	False	True	False	False	True	False	True
DUSP28	DUSP28	chr2	240560356	+	False	False	False	0.7587939698492462	0.944620253164557	True	False	True	False	False	True	False	True
TOMM34	TOMM34	chr20	44960396	-	False	False	False	0.7185929648241206	0.8174882629107981	True	False	True	False	False	True	False	True
NCALD	NCALD	chr8	101790968	-	False	False	True	0.5125628140703518	0.1539651837524178	False	False	False	False	False	False	False	False
ZFP36	ZFP36	chr19	39406846	+	False	False	False	0.6934673366834171	0.8213712451272643	True	False	True	False	False	True	False	True
CRPPA	CRPPA	chr7	16421537	-	False	False	False	0.7487437185929648	0.7991967871485943	True	False	True	False	False	True	False	True
B3GALT2	B3GALT2	chr1	193186612	-	False	True	False	0.4371859296482412	0.3189102564102564	False	False	False	False	True	False	False	False
TPMT	TPMT	chr6	18155076	-	False	False	False	0.7286432160804021	1.1796625626994983	True	False	True	False	False	True	False	True
TMEM117	TMEM117	chr12	43836080	+	False	False	False	0.7738693467336684	1.2808265582655827	True	False	True	False	False	True	False	True
F5	F5	chr1	169586480	-	False	False	False	0.6331658291457286	0.3641830065359477	False	False	False	False	False	False	False	False
FAM210A	FAM210A	chr18	13726557	-	False	False	False	0.7286432160804021	1.1373669688608592	True	False	True	False	False	True	False	True
UFD1	UFD1	chr22	19479192	-	False	False	False	0.6984924623115578	0.9143692564745196	True	False	True	False	False	True	False	True
DERL1	DERL1	chr8	123042301	-	False	False	False	0.6582914572864321	1.255960729312763	True	False	True	False	False	True	False	True
IRGQ	IRGQ	chr19	43596133	-	False	False	False	0.678391959798995	0.830989010989011	True	False	True	False	False	True	False	True
FSD1L	FSD1L	chr9	105448033	+	False	False	False	0.7738693467336684	0.9399460188933874	True	False	True	False	False	True	False	True
LIPT1	LIPT1	chr2	99154966	+	False	False	False	0.7085427135678392	0.9648484848484848	True	False	True	False	False	True	False	True
SVIL	SVIL	chr10	29634970	-	False	False	False	0.542713567839196	0.2738218094255246	False	False	False	False	False	False	False	False
POP5	POP5	chr12	120581401	-	False	False	False	0.5778894472361809	0.6074481074481074	False	False	False	False	False	False	False	False
FXR1	FXR1	chr3	180912669	+	False	False	False	0.5879396984924623	0.6815068493150684	True	False	True	False	False	True	False	True
ATPSCKMT	ATPSCKMT	chr5	10249887	-	False	False	False	0.507537688442211	1.2230026338893767	False	False	False	False	False	False	False	False
YBEY	YBEY	chr21	46286341	+	False	False	False	0.7035175879396985	1.1896516182230468	True	False	True	False	False	True	False	True
RANBP2	RANBP2	chr2	108719481	+	False	False	False	0.6633165829145728	1.142365097588978	True	False	True	False	False	True	False	True
BRMS1L	BRMS1L	chr14	35826337	+	False	False	False	0.6884422110552764	0.7019400352733686	True	False	True	False	False	True	False	True
HPDL	HPDL	chr1	45326894	+	False	False	False	0.6934673366834171	0.6862068965517242	True	False	True	False	False	True	False	True
NICOL1	NICOL1	chr4	2041994	+	False	False	False	0.7185929648241206	1.2240079365079366	True	False	True	False	False	True	False	True
RAD18	RAD18	chr3	8963471	-	False	False	False	0.6683417085427136	0.9450474898236092	True	False	True	False	False	True	False	True
NDUFB4	NDUFB4	chr3	120596335	+	False	False	True	0.5678391959798995	0.892948717948718	True	False	True	False	False	True	False	True
B9D1	B9D1	chr17	19362722	-	False	False	False	0.6733668341708543	1.1242937853107344	True	False	True	False	False	True	False	True
SLF1	SLF1	chr5	94618668	+	False	False	False	0.6432160804020101	0.9719169719169719	True	False	True	False	False	True	False	True
H2AX	H2AX	chr11	119095464	-	False	False	False	0.6331658291457286	1.1315585422589816	True	False	True	False	False	True	False	True
MDM1	MDM1	chr12	68332361	-	False	False	False	0.628140703517588	0.9785196687370601	True	False	True	False	False	True	False	True
COQ8B	COQ8B	chr19	40716885	-	False	False	False	0.678391959798995	0.7019400352733686	True	False	True	False	False	True	False	True
CRNKL1	CRNKL1	chr20	20052465	-	False	False	False	0.5979899497487438	1.0124364047484455	True	False	True	False	False	True	False	True
SLC33A1	SLC33A1	chr3	155854426	-	False	False	False	0.5829145728643216	0.6180124223602484	False	False	False	False	False	False	False	False
AMDHD1	AMDHD1	chr12	95943330	+	False	False	False	0.7487437185929648	0.7556962025316456	True	False	True	False	False	True	False	True
PADI4	PADI4	chr1	17308196	+	False	False	False	0.6381909547738693	0.34720837487537387	False	False	False	False	False	False	False	False
SELENOT	SELENOT	chr3	150603320	+	False	False	False	0.678391959798995	0.7474591250552364	True	False	True	False	False	True	False	True
CANX	CANX	chr5	179698966	+	False	False	False	0.7537688442211056	0.9636803874092009	True	False	True	False	False	True	False	True
NECAP2	NECAP2	chr1	16440723	+	False	False	False	0.6633165829145728	1.1591332712022366	True	False	True	False	False	True	False	True
RAB5A	RAB5A	chr3	19947096	+	False	False	False	0.6683417085427136	1.182687338501292	True	False	True	False	False	True	False	True
ENSG00000291313	ENSG00000291313	chr14	103334236	+	False	False	False	0.7286432160804021	0.773416245627672	True	False	True	False	False	True	False	True
PIP5KL1	PIP5KL1	chr9	127930776	-	False	False	False	0.7185929648241206	0.9072948328267477	True	False	True	False	False	True	False	True
DOHH	DOHH	chr19	3500673	-	False	False	False	0.7085427135678392	0.9212962962962963	True	False	True	False	False	True	False	True
AOAH	AOAH	chr7	36724493	-	False	False	False	0.5226130653266332	0.3729385307346327	False	False	False	False	False	False	False	False
MYSM1	MYSM1	chr1	58700061	-	False	False	True	0.6834170854271356	0.9772321428571429	True	False	True	False	False	True	False	True
CHKA	CHKA	chr11	68121387	-	False	False	False	0.7989949748743719	1.1650316455696204	True	False	True	False	False	True	False	True
ZDHHC12	ZDHHC12	chr9	128724126	-	False	False	False	0.7638190954773869	0.6619397759103641	True	False	True	False	False	True	False	True
FAM162A	FAM162A	chr3	122384181	+	False	False	False	0.7185929648241206	0.9946021591363454	True	False	True	False	False	True	False	True
CD58	CD58	chr1	116571025	-	False	False	False	0.7638190954773869	0.7978859121560051	True	False	True	False	False	True	False	True
DUSP10	DUSP10	chr1	221742088	-	False	False	False	0.5326633165829145	0.861161197259286	False	False	False	False	False	False	False	False
IL6R	IL6R	chr1	154405342	+	False	False	False	0.6733668341708543	0.9752728892849187	True	False	True	False	False	True	False	True
PRR14L	PRR14L	chr22	31750131	-	False	False	False	0.7236180904522613	0.8883928571428571	True	False	True	False	False	True	False	True
TRAPPC10	TRAPPC10	chr21	44012308	+	False	False	False	0.8090452261306532	1.1415503875968993	True	False	True	False	False	True	False	True
NCBP2	NCBP2	chr3	196942527	-	False	False	False	0.6582914572864321	1.1185011709601873	True	False	True	False	False	True	False	True
BSDC1	BSDC1	chr1	32394440	-	False	False	False	0.6381909547738693	0.823772915434654	True	False	True	False	False	True	False	True
OPA1	OPA1	chr3	193593207	+	False	False	False	0.6532663316582915	0.7600859393650036	True	False	True	False	False	True	False	True
ZNF395	ZNF395	chr8	28386459	-	False	False	False	0.6884422110552764	0.9507883420926899	True	False	True	False	False	True	False	True
ISCA1	ISCA1	chr9	86282537	-	False	False	False	0.7135678391959799	0.9918261562998405	True	False	True	False	False	True	False	True
LYPLAL1	LYPLAL1	chr1	219173877	+	False	False	False	0.7035175879396985	1.1837948717948719	True	False	True	False	False	True	False	True
TERF1	TERF1	chr8	73008863	+	False	False	False	0.6683417085427136	0.9904977375565611	True	False	True	False	False	True	False	True
RNF13	RNF13	chr3	149813214	+	False	False	False	0.5979899497487438	0.7590962441314554	True	False	True	False	False	True	False	True
IFT70A	IFT70A	chr2	177618741	-	False	False	False	0.5678391959798995	1.2468671679197996	True	False	True	False	False	True	False	True
MARCHF5	MARCHF5	chr10	92291166	+	False	False	False	0.6934673366834171	1.050464527027027	True	False	True	False	False	True	False	True
ZNF707	ZNF707	chr8	143684478	+	False	False	False	0.6733668341708543	0.9342723004694836	True	False	True	False	False	True	False	True
MTFR2	MTFR2	chr6	136250310	-	False	False	True	0.5829145728643216	0.7316176470588235	True	False	True	False	False	True	False	True
NCK1	NCK1	chr3	136862207	+	False	False	False	0.7135678391959799	1.0660714285714286	True	False	True	False	False	True	False	True
APBA3	APBA3	chr19	3761691	-	False	False	False	0.7135678391959799	0.8691681556482033	True	False	True	False	False	True	False	True
LRRCC1	LRRCC1	chr8	85107237	+	False	False	False	0.7386934673366834	0.8844444444444445	True	False	True	False	False	True	False	True
HAGH	HAGH	chr16	1826824	-	False	False	False	0.7336683417085427	1.0027131782945737	True	False	True	False	False	True	False	True
STYXL1	STYXL1	chr7	76047999	-	False	True	False	0.6582914572864321	0.8361344537815126	True	False	True	False	True	True	False	True
APEX2	APEX2	chrX	55000362	+	False	False	False	0.628140703517588	1.1418883672404798	True	False	True	False	False	True	False	True
PAK1IP1	PAK1IP1	chr6	10694971	+	False	False	False	0.5728643216080402	1.005050505050505	True	False	True	False	False	True	False	True
NFU1	NFU1	chr2	69437434	-	False	False	False	0.7035175879396985	0.7818444995864351	True	False	True	False	False	True	False	True
TARDBP	TARDBP	chr1	11012653	+	False	False	False	0.6984924623115578	0.8237472766884532	True	False	True	False	False	True	False	True
THNSL1	THNSL1	chr10	25016611	+	False	False	False	0.6984924623115578	0.8943820224719101	True	False	True	False	False	True	False	True
EZH2	EZH2	chr7	148884290	-	False	False	False	0.7437185929648241	1.24375	True	False	True	False	False	True	False	True
PPP2R5A	PPP2R5A	chr1	212285409	+	False	False	True	0.7185929648241206	0.944620253164557	True	False	True	False	False	True	False	True
LARP4	LARP4	chr12	50400884	+	False	False	False	0.6381909547738693	0.7477187332259796	True	False	True	False	False	True	False	True
AGTRAP	AGTRAP	chr1	11736135	+	False	False	False	0.7135678391959799	0.8425403225806452	True	False	True	False	False	True	False	True
ABCE1	ABCE1	chr4	145098310	+	False	False	False	0.6180904522613065	0.9486228813559322	True	False	True	False	False	True	False	True
PDCD7	PDCD7	chr15	65133807	-	False	True	False	0.6331658291457286	0.9364705882352942	True	False	True	False	True	True	False	True
ATG4A	ATG4A	chrX	108091777	+	False	False	False	0.592964824120603	0.5885832593907128	False	False	False	False	False	False	False	False
RFK	RFK	chr9	76394425	-	False	False	False	0.7336683417085427	0.9738377564464521	True	False	True	False	False	True	False	True
HMMR	HMMR	chr5	163460631	+	False	False	False	0.5326633165829145	0.678409090909091	False	False	False	False	False	False	False	False
MAPKAPK2	MAPKAPK2	chr1	206684904	+	False	False	False	0.8040201005025126	0.8542239010989011	True	False	True	False	False	True	False	True
ACSS1	ACSS1	chr20	25058138	-	False	True	False	0.7537688442211056	0.7042279754144161	True	False	True	False	True	True	False	True
HEXB	HEXB	chr5	74685232	+	False	False	False	0.7487437185929648	0.9032316630355846	True	False	True	False	False	True	False	True
NTAQ1	NTAQ1	chr8	123416773	+	False	False	False	0.7437185929648241	0.7240751970891449	True	False	True	False	False	True	False	True
TOR1AIP2	TOR1AIP2	chr1	179877802	-	False	False	False	0.5879396984924623	1.021437198067633	True	False	True	False	False	True	False	True
KIAA1143	KIAA1143	chr3	44761618	-	False	False	False	0.628140703517588	1.1214139344262295	True	False	True	False	False	True	False	True
GOLIM4	GOLIM4	chr3	168095923	-	False	False	False	0.6834170854271356	0.7355946944988041	True	False	True	False	False	True	False	True
USP32	USP32	chr17	60392132	-	False	False	False	0.6984924623115578	0.9737003058103976	True	False	True	False	False	True	False	True
EIF2S3	EIF2S3	chrX	24054955	+	False	False	False	0.628140703517588	0.6674406604747162	True	False	True	False	False	True	False	True
ZFP69	ZFP69	chr1	40477289	+	False	False	False	0.7889447236180904	0.8984949832775919	True	False	True	False	False	True	False	True
PDS5A	PDS5A	chr4	39977910	-	False	False	False	0.8190954773869347	1.1845238095238095	True	False	True	False	False	True	False	True
UBOX5	UBOX5	chr20	3159864	-	False	False	False	0.6582914572864321	1.037932669511617	True	False	True	False	False	True	False	True
KLF5	KLF5	chr13	73059004	+	False	False	True	0.7386934673366834	1.1249512670565303	True	False	True	False	False	True	False	True
SAR1A	SAR1A	chr10	70170513	-	False	False	False	0.7035175879396985	0.8199956625460855	True	False	True	False	False	True	False	True
KIF16B	KIF16B	chr20	16573447	-	False	False	False	0.7638190954773869	0.801295518207283	True	False	True	False	False	True	False	True
DEPDC1	DEPDC1	chr1	68497081	-	False	False	False	0.6884422110552764	1.0183368869936034	True	False	True	False	False	True	False	True
RABEP1	RABEP1	chr17	5282283	+	False	False	False	0.7386934673366834	0.9740210843373494	True	False	True	False	False	True	False	True
TMEM199	TMEM199	chr17	28357646	+	False	False	False	0.6934673366834171	0.9291171477079796	True	False	True	False	False	True	False	True
RSF1	RSF1	chr11	77820721	-	False	True	False	0.6633165829145728	0.8189300411522634	True	False	True	False	True	True	False	True
ALAS1	ALAS1	chr3	52198159	+	False	False	False	0.6733668341708543	1.153623188405797	True	False	True	False	False	True	False	True
H2AC25	H2AC25	chr1	228457872	-	False	False	False	0.5376884422110553	0.9775438596491228	False	False	False	False	False	False	False	False
ZNHIT3	ZNHIT3	chr17	36486680	+	False	False	False	0.6231155778894473	1.1401041666666667	True	False	True	False	False	True	False	True
GSR	GSR	chr8	30727845	-	False	True	False	0.7889447236180904	0.9149425287356322	True	False	True	False	True	True	False	True
NKIRAS1	NKIRAS1	chr3	23916989	-	False	False	False	0.6834170854271356	1.051287695355492	True	False	True	False	False	True	False	True
HNRNPUL1	HNRNPUL1	chr19	41264371	+	False	False	False	0.6683417085427136	0.6759510869565217	True	False	True	False	False	True	False	True
QRSL1	QRSL1	chr6	106629577	+	False	False	False	0.5577889447236181	0.7134941329856584	True	False	True	False	False	True	False	True
NAXD	NAXD	chr13	110615544	+	False	False	False	0.6482412060301508	1.0267813267813268	True	False	True	False	False	True	False	True
HSPA4	HSPA4	chr5	133052012	+	False	False	False	0.6432160804020101	1.0293103448275862	True	False	True	False	False	True	False	True
YY1	YY1	chr14	100239143	+	False	False	False	0.8442211055276382	1.006128389765589	True	False	True	False	False	True	False	True
PASK	PASK	chr2	241149471	-	False	False	False	0.6381909547738693	0.9509557344064387	True	False	True	False	False	True	False	True
CYB561D1	CYB561D1	chr1	109494093	+	False	False	False	0.7386934673366834	0.7738888888888888	True	False	True	False	False	True	False	True
IL27RA	IL27RA	chr19	14031761	+	False	False	False	0.7487437185929648	0.8276672694394214	True	False	True	False	False	True	False	True
PRPF38B	PRPF38B	chr1	108692309	+	False	False	False	0.6482412060301508	0.8143957631198845	True	False	True	False	False	True	False	True
ZNF512B	ZNF512B	chr20	63969929	-	False	False	False	0.8140703517587939	1.0317360565593088	True	False	True	False	False	True	False	True
PLEKHA2	PLEKHA2	chr8	38901345	+	False	False	False	0.7135678391959799	0.8986042692939245	True	False	True	False	False	True	False	True
TNPO3	TNPO3	chr7	129055110	-	False	False	False	0.5879396984924623	0.8130106851037083	True	False	True	False	False	True	False	True
WDR90	WDR90	chr16	649364	+	False	False	False	0.7537688442211056	1.0629950267084178	True	False	True	False	False	True	False	True
HSPA8	HSPA8	chr11	123062135	-	False	False	False	0.5678391959798995	0.5165476963011032	False	False	False	False	False	False	False	False
YME1L1	YME1L1	chr10	27154383	-	False	False	False	0.5829145728643216	0.8794191919191919	True	False	True	False	False	True	False	True
TGDS	TGDS	chr13	94596151	-	False	False	False	0.6331658291457286	1.1315585422589816	True	False	True	False	False	True	False	True
EZH1	EZH1	chr17	42745039	-	False	False	False	0.7688442211055276	0.9827160493827161	True	False	True	False	False	True	False	True
MCTP2	MCTP2	chr15	94231560	+	False	False	False	0.7738693467336684	0.8392375168690959	True	False	True	False	False	True	False	True
ELOC	ELOC	chr8	73972190	-	False	False	False	0.6884422110552764	0.8537108537108538	True	False	True	False	False	True	False	True
LSM4	LSM4	chr19	18323075	-	False	False	False	0.7185929648241206	1.0302668259657506	True	False	True	False	False	True	False	True
SGK1	SGK1	chr6	134318111	-	False	False	False	0.4371859296482412	0.5521642619311876	False	False	False	False	False	False	False	False
ENY2	ENY2	chr8	109334346	+	False	False	False	0.5979899497487438	0.7996555683122847	True	False	True	False	False	True	False	True
NOL7	NOL7	chr6	13615334	+	False	False	False	0.6984924623115578	0.992931392931393	True	False	True	False	False	True	False	True
PNPT1	PNPT1	chr2	55693843	-	False	False	False	0.6834170854271356	0.908675799086758	True	False	True	False	False	True	False	True
RAD51C	RAD51C	chr17	58692601	+	False	False	False	0.6683417085427136	1.0378684807256235	True	False	True	False	False	True	False	True
CD209	CD209	chr19	7747533	-	False	False	False	0.5527638190954773	0.06967787114845939	False	False	False	False	False	False	False	False
ZC3H14	ZC3H14	chr14	88563036	+	False	False	False	0.7638190954773869	1.1357232031389335	True	False	True	False	False	True	False	True
ARHGEF6	ARHGEF6	chrX	136780931	-	False	True	False	0.44221105527638194	0.5182291666666666	False	False	False	False	True	False	False	False
AP3B1	AP3B1	chr5	78294697	-	False	False	False	0.6582914572864321	0.7432306255835668	True	False	True	False	False	True	False	True
NDST2	NDST2	chr10	73811597	-	False	False	False	0.7889447236180904	0.9900497512437811	True	False	True	False	False	True	False	True
ARHGDIA	ARHGDIA	chr17	81871336	-	False	False	False	0.7587939698492462	1.0934065934065933	True	False	True	False	False	True	False	True
ZDHHC5	ZDHHC5	chr11	57668113	+	False	False	False	0.7839195979899497	1.16755823986195	True	False	True	False	False	True	False	True
SEMA7A	SEMA7A	chr15	74433957	-	False	True	False	0.7788944723618091	0.8643501503508185	True	False	True	False	True	True	False	True
RPTOR	RPTOR	chr17	80544837	+	False	False	False	0.592964824120603	0.5743145743145743	False	False	False	False	False	False	False	False
EAF1	EAF1	chr3	15427597	+	False	False	False	0.6482412060301508	0.737037037037037	True	False	True	False	False	True	False	True
ATP11A	ATP11A	chr13	112690037	+	False	False	False	0.8040201005025126	0.8842988808426596	True	False	True	False	False	True	False	True
TMBIM4	TMBIM4	chr12	66169995	-	False	False	False	0.6381909547738693	1.0912263210368893	True	False	True	False	False	True	False	True
SNRPG	SNRPG	chr2	70293739	-	False	False	False	0.5577889447236181	1.239672131147541	True	False	True	False	False	True	False	True
RINT1	RINT1	chr7	105532200	+	False	False	False	0.6532663316582915	0.6378205128205128	False	False	False	False	False	False	False	False
BAG6	BAG6	chr6	31652660	-	False	False	False	0.7085427135678392	1.0010060362173039	True	False	True	False	False	True	False	True
SOD2	SOD2	chr6	159693240	-	False	False	False	0.7386934673366834	0.8481208833785354	True	False	True	False	False	True	False	True
PLD3	PLD3	chr19	40348694	+	False	False	False	0.7035175879396985	0.8998708010335917	True	False	True	False	False	True	False	True
TCEAL1	TCEAL1	chrX	103628974	+	False	False	False	0.5477386934673367	0.7400270453008789	False	False	False	False	False	False	False	False
IFIT3	IFIT3	chr10	89327996	+	False	False	False	0.45226130653266333	0.2985	False	False	False	False	False	False	False	False
MTHFS	MTHFS	chr15	79897013	-	False	False	False	0.7587939698492462	0.8934985632183908	True	False	True	False	False	True	False	True
KDM4A	KDM4A	chr1	43650148	+	False	False	False	0.6231155778894473	0.659850787510362	True	False	True	False	False	True	False	True
B3GNT9	B3GNT9	chr16	67150997	-	False	False	False	0.7135678391959799	0.6321222950168751	False	False	False	False	False	False	False	False
AASDH	AASDH	chr4	56387490	-	False	False	False	0.6180904522613065	1.1637426900584795	True	False	True	False	False	True	False	True
HINT3	HINT3	chr6	125956769	+	False	False	False	0.6582914572864321	1.037932669511617	True	False	True	False	False	True	False	True
PDLIM2	PDLIM2	chr8	22580474	+	False	False	False	0.6231155778894473	0.15534738485558158	False	False	False	False	False	False	False	False
GOLGA8B	GOLGA8B	chr15	34583650	-	False	False	False	0.7035175879396985	1.1001228501228502	True	False	True	False	False	True	False	True
CARM1	CARM1	chr19	10871552	+	False	False	False	0.9045226130653267	1.247160203681943	True	False	True	False	False	True	False	True
GPR137	GPR137	chr11	64285847	+	False	False	False	0.7688442211055276	0.8886980419099966	True	False	True	False	False	True	False	True
KRBA1	KRBA1	chr7	149714950	+	False	False	False	0.8241206030150754	0.8883928571428571	True	False	True	False	False	True	False	True
CLDND2	CLDND2	chr19	51369002	-	False	False	False	0.6180904522613065	0.10904109589041096	False	False	False	False	False	False	False	False
PRR13	PRR13	chr12	53441733	+	False	False	False	0.5276381909547738	0.7731157731157731	False	False	False	False	False	False	False	False
MTRF1L	MTRF1L	chr6	153002708	-	False	False	False	0.6984924623115578	0.8662935323383084	True	False	True	False	False	True	False	True
LAGE3	LAGE3	chrX	154479280	-	False	False	False	0.6984924623115578	0.6649958228905597	True	False	True	False	False	True	False	True
DDX17	DDX17	chr22	38506310	-	False	False	False	0.6331658291457286	1.2045397225725094	True	False	True	False	False	True	False	True
GINS3	GINS3	chr16	58392470	+	False	False	False	0.5879396984924623	0.8844444444444445	True	False	True	False	False	True	False	True
CENPH	CENPH	chr5	69189582	+	False	False	False	0.6331658291457286	0.8601576404780066	True	False	True	False	False	True	False	True
PIGM	PIGM	chr1	160031989	-	False	False	False	0.6331658291457286	0.9045454545454545	True	False	True	False	False	True	False	True
TCF25	TCF25	chr16	89873591	+	False	False	False	0.7386934673366834	1.1498459167950694	True	False	True	False	False	True	False	True
CDC42SE2	CDC42SE2	chr5	131264052	+	False	False	False	0.8140703517587939	0.9548057576226591	True	False	True	False	False	True	False	True
EXD2	EXD2	chr14	69191497	+	False	False	False	0.6331658291457286	0.8532156368221941	True	False	True	False	False	True	False	True
DPY30	DPY30	chr2	32039804	-	False	False	False	0.6532663316582915	0.9476190476190476	True	False	True	False	False	True	False	True
EIF4G2	EIF4G2	chr11	10808925	-	False	False	False	0.6432160804020101	0.7930261519302615	True	False	True	False	False	True	False	True
ATRIP	ATRIP	chr3	48446736	+	False	False	False	0.7336683417085427	1.0205128205128204	True	False	True	False	False	True	False	True
RIPK2	RIPK2	chr8	89757815	+	False	False	False	0.6834170854271356	1.0364583333333333	True	False	True	False	False	True	False	True
TMEM41B	TMEM41B	chr11	9314592	-	False	False	False	0.6834170854271356	1.0941907721730815	True	False	True	False	False	True	False	True
FASN	FASN	chr17	82098235	-	False	False	False	0.7537688442211056	1.005050505050505	True	False	True	False	False	True	False	True
APLP2	APLP2	chr11	130069893	+	False	False	False	0.6482412060301508	1.0945521215295966	True	False	True	False	False	True	False	True
TMEM218	TMEM218	chr11	125111625	-	False	False	False	0.5276381909547738	0.7118441971383148	False	False	False	False	False	False	False	False
ERGIC1	ERGIC1	chr5	172834250	+	False	False	False	0.7889447236180904	0.9460101867572156	True	False	True	False	False	True	False	True
SRBD1	SRBD1	chr2	45611266	-	False	False	False	0.6432160804020101	1.165520753756048	True	False	True	False	False	True	False	True
NCKIPSD	NCKIPSD	chr3	48685914	-	False	False	False	0.7788944723618091	1.0606262491672218	True	False	True	False	False	True	False	True
SRSF9	SRSF9	chr12	120469747	-	False	False	False	0.7286432160804021	1.1004958047292144	True	False	True	False	False	True	False	True
CTCF	CTCF	chr16	67562525	+	False	False	False	0.7135678391959799	1.029088558500323	True	False	True	False	False	True	False	True
TTI2	TTI2	chr8	33513134	-	False	False	False	0.5326633165829145	1.0364583333333333	False	False	False	False	False	False	False	False
CYTH4	CYTH4	chr22	37282507	+	False	False	False	0.6432160804020101	0.5345543345543345	False	False	False	False	False	False	False	False
TMEM43	TMEM43	chr3	14125051	+	False	False	False	0.6180904522613065	0.8418826017979905	True	False	True	False	False	True	False	True
OXNAD1	OXNAD1	chr3	16265211	+	False	False	False	0.6130653266331658	1.016124697661919	True	False	True	False	False	True	False	True
MRPL1	MRPL1	chr4	77862829	+	False	False	False	0.507537688442211	0.9408983451536643	False	False	False	False	False	False	False	False
THOC5	THOC5	chr22	29553756	-	False	True	False	0.6432160804020101	0.7867556214479862	True	False	True	False	True	True	False	True
NAPA	NAPA	chr19	47515062	-	False	False	False	0.7236180904522613	1.2184475607347423	True	False	True	False	False	True	False	True
BAZ2A	BAZ2A	chr12	56630325	-	False	True	False	0.7386934673366834	0.737037037037037	True	False	True	False	True	True	False	True
PTGES2	PTGES2	chr9	128127728	-	False	False	False	0.7788944723618091	0.994005994005994	True	False	True	False	False	True	False	True
ZSCAN12	ZSCAN12	chr6	28399746	-	False	True	False	0.6532663316582915	0.8008996212121212	True	False	True	False	True	True	False	True
BTBD10	BTBD10	chr11	13463221	-	False	False	False	0.6683417085427136	0.7200361827227499	True	False	True	False	False	True	False	True
TGFBR2	TGFBR2	chr3	30606600	+	False	False	False	0.6934673366834171	0.8375420875420876	True	False	True	False	False	True	False	True
WDR1	WDR1	chr4	10116798	-	False	True	False	0.7788944723618091	1.034372904091214	True	False	True	False	True	True	False	True
LACC1	LACC1	chr13	43879903	+	False	False	False	0.6884422110552764	1.164559925093633	True	False	True	False	False	True	False	True
EEF1A1	EEF1A1	chr6	73521031	-	True	False	False	0.5728643216080402	1.0678661616161615	True	False	False	True	False	True	False	False
TICAM1	TICAM1	chr19	4831711	-	False	False	False	0.7587939698492462	0.8109496810772502	True	False	True	False	False	True	False	True
ADNP	ADNP	chr20	50931436	-	False	False	False	0.6080402010050251	0.5984144341170038	False	False	False	False	False	False	False	False
ZNF668	ZNF668	chr16	31074239	-	False	False	False	0.542713567839196	1.0268317853457172	False	False	False	False	False	False	False	False
SUGP1	SUGP1	chr19	19320508	-	False	False	False	0.6080402010050251	0.656043956043956	True	False	True	False	False	True	False	True
CHURC1	CHURC1	chr14	64914454	+	False	False	False	0.6080402010050251	1.1705882352941177	True	False	True	False	False	True	False	True
SPNS1	SPNS1	chr16	28974777	+	False	False	False	0.6984924623115578	0.7860706860706861	True	False	True	False	False	True	False	True
NFXL1	NFXL1	chr4	47914582	-	False	False	False	0.6432160804020101	0.8963963963963963	True	False	True	False	False	True	False	True
IKZF3	IKZF3	chr17	39864311	-	False	False	False	0.7135678391959799	1.0763221153846154	True	False	True	False	False	True	False	True
GTF3C6	GTF3C6	chr6	110958705	+	False	False	False	0.6834170854271356	1.1549107142857142	True	False	True	False	False	True	False	True
ZNF570	ZNF570	chr19	37469355	+	False	False	False	0.6633165829145728	0.8711981566820276	True	False	True	False	False	True	False	True
MRRF	MRRF	chr9	122264881	+	False	False	False	0.6733668341708543	1.153623188405797	True	False	True	False	False	True	False	True
PRPF31	PRPF31	chr19	54115753	+	False	False	False	0.5778894472361809	1.020164046479836	True	False	True	False	False	True	False	True
IFT122	IFT122	chr3	129440223	+	False	False	False	0.6080402010050251	0.9428651059085842	True	False	True	False	False	True	False	True
SRD5A3	SRD5A3	chr4	55346241	+	False	False	False	0.7839195979899497	1.1150296638101516	True	False	True	False	False	True	False	True
KRR1	KRR1	chr12	75511608	-	False	False	False	0.5326633165829145	1.0764514965741074	False	False	False	False	False	False	False	False
VPS50	VPS50	chr7	93232365	+	False	False	False	0.5678391959798995	0.43640350877192985	False	False	False	False	False	False	False	False
ATG14	ATG14	chr14	55411829	-	False	False	False	0.7035175879396985	0.5368333679186553	False	False	False	False	False	False	False	False
SLC10A7	SLC10A7	chr4	146521939	-	False	False	False	0.5728643216080402	0.8598765432098765	True	False	True	False	False	True	False	True
STX16	STX16	chr20	58651282	+	False	False	False	0.6984924623115578	0.5813483146067415	False	False	False	False	False	False	False	False
ZKSCAN8	ZKSCAN8	chr6	28141882	+	False	False	False	0.5778894472361809	0.7223230490018149	True	False	True	False	False	True	False	True
IQCK	IQCK	chr16	19718270	+	False	False	False	0.678391959798995	1.0854545454545454	True	False	True	False	False	True	False	True
MAP3K21	MAP3K21	chr1	233327723	+	False	False	False	0.8090452261306532	0.8343815513626834	True	False	True	False	False	True	False	True
ARHGAP33	ARHGAP33	chr19	35775563	+	False	False	False	0.7989949748743719	1.1041534559289792	True	False	True	False	False	True	False	True
DCTN1	DCTN1	chr2	74380310	-	False	False	False	0.592964824120603	0.22873563218390805	False	False	False	False	False	False	False	False
AKAP9	AKAP9	chr7	91940861	+	False	False	False	0.7236180904522613	1.005050505050505	True	False	True	False	False	True	False	True
SPRING1	SPRING1	chr12	116738068	-	False	False	False	0.7185929648241206	0.8831360946745562	True	False	True	False	False	True	False	True
MKRN1	MKRN1	chr7	140479504	-	False	False	False	0.7236180904522613	0.9663947163947164	True	False	True	False	False	True	False	True
SAFB	SAFB	chr19	5623082	+	False	False	False	0.6231155778894473	1.1415906127770534	True	False	True	False	False	True	False	True
UNG	UNG	chr12	109097596	+	False	False	False	0.7185929648241206	0.7760673234811166	True	False	True	False	False	True	False	True
FBXL18	FBXL18	chr7	5513808	-	False	False	False	0.7135678391959799	0.9542457542457542	True	False	True	False	False	True	False	True
SPC24	SPC24	chr19	11155781	-	False	False	False	0.628140703517588	0.8787012987012986	True	False	True	False	False	True	False	True
CLU	CLU	chr8	27614699	-	True	False	False	0.6482412060301508	0.8155737704918032	True	False	False	True	False	True	False	False
CSNK1G1	CSNK1G1	chr15	64356172	-	False	False	False	0.6582914572864321	0.8093301435406699	True	False	True	False	False	True	False	True
G6PC3	G6PC3	chr17	44070734	+	False	False	False	0.6733668341708543	0.5988425925925925	False	False	False	False	False	False	False	False
ICA1	ICA1	chr7	8262166	-	False	False	False	0.7587939698492462	0.908675799086758	True	False	True	False	False	True	False	True
ABHD14A	ABHD14A	chr3	51975063	+	False	False	False	0.7638190954773869	0.8361344537815126	True	False	True	False	False	True	False	True
RABGGTB	RABGGTB	chr1	75786255	+	False	False	False	0.5778894472361809	0.5538033395176253	False	False	False	False	False	False	False	False
EEF1D	EEF1D	chr8	143597414	-	False	False	False	0.7286432160804021	0.9567307692307693	True	False	True	False	False	True	False	True
MRFAP1L1	MRFAP1L1	chr4	6709864	-	False	False	False	0.542713567839196	1.24375	False	False	False	False	False	False	False	False
ARL14EP	ARL14EP	chr11	30323103	+	False	False	False	0.6683417085427136	0.9041344843253066	True	False	True	False	False	True	False	True
CUTC	CUTC	chr10	99732233	+	False	False	False	0.7035175879396985	1.1608333333333334	True	False	True	False	False	True	False	True
RPL34	RPL34	chr4	108620575	+	False	False	False	0.5025125628140703	0.804040404040404	False	False	False	False	False	False	False	False
NCL	NCL	chr2	231464483	-	False	True	False	0.6633165829145728	1.1421028466483012	True	False	True	False	True	True	False	True
FANCD2	FANCD2	chr3	10026436	+	False	False	False	0.6582914572864321	1.1164095371669005	True	False	True	False	False	True	False	True
STK11IP	STK11IP	chr2	219597856	+	False	False	False	0.5728643216080402	1.1079492731209404	True	False	True	False	False	True	False	True
NEK1	NEK1	chr4	169612582	-	False	False	False	0.6532663316582915	0.995	True	False	True	False	False	True	False	True
AREG	AREG	chr4	74445135	+	False	False	False	0.7587939698492462	0.8543828264758497	True	False	True	False	False	True	False	True
KYAT1	KYAT1	chr9	128881949	-	False	False	False	0.6733668341708543	0.8067567567567567	True	False	True	False	False	True	False	True
TMEM138	TMEM138	chr11	61362373	+	False	False	False	0.5728643216080402	1.0179028132992327	True	False	True	False	False	True	False	True
PCSK7	PCSK7	chr11	117232072	-	False	False	False	0.7487437185929648	0.8294808639636226	True	False	True	False	False	True	False	True
ZNF490	ZNF490	chr19	12610812	-	False	False	False	0.5778894472361809	0.9029038112522686	True	False	True	False	False	True	False	True
STOML2	STOML2	chr9	35103130	-	False	False	False	0.678391959798995	1.0103965183752417	True	False	True	False	False	True	False	True
SCARB1	SCARB1	chr12	124863863	-	False	False	False	0.7437185929648241	0.8852641334569046	True	False	True	False	False	True	False	True
NUDT15	NUDT15	chr13	48037725	+	False	False	False	0.7236180904522613	1.1551857585139318	True	False	True	False	False	True	False	True
ZNF565	ZNF565	chr19	36214664	-	False	False	False	0.6432160804020101	0.9377480158730159	True	False	True	False	False	True	False	True
ZCCHC9	ZCCHC9	chr5	81301586	+	False	False	False	0.6231155778894473	1.0942655145326001	True	False	True	False	False	True	False	True
GMPR2	GMPR2	chr14	24232928	+	False	False	False	0.5477386934673367	0.4870629370629371	False	False	False	False	False	False	False	False
SYK	SYK	chr9	90801818	+	False	False	False	0.7587939698492462	0.9193319118692252	True	False	True	False	False	True	False	True
PSMC6	PSMC6	chr14	52707199	+	False	False	False	0.6432160804020101	0.7403273809523809	True	False	True	False	False	True	False	True
MT3	MT3	chr16	56589527	+	True	False	False	0.6884422110552764	0.7683397683397684	True	False	False	True	False	True	False	False
SLC2A8	SLC2A8	chr9	127397168	+	False	False	False	0.7185929648241206	0.9081349206349206	True	False	True	False	False	True	False	True
TPST1	TPST1	chr7	66205333	+	False	False	False	0.7085427135678392	0.9719169719169719	True	False	True	False	False	True	False	True
CCR7	CCR7	chr17	40565471	-	False	False	False	0.6130653266331658	0.29290550485722694	False	False	False	False	False	False	False	False
C17orf49	C17ORF49	chr17	7014781	+	False	False	False	0.7336683417085427	1.0655957161981258	True	False	True	False	False	True	False	True
PARP15	PARP15	chr3	122577649	+	False	False	False	0.6030150753768844	0.6095795043163464	False	False	False	False	False	False	False	False
PNPLA4	PNPLA4	chrX	7927412	-	False	False	False	0.6633165829145728	1.1088925005804504	True	False	True	False	False	True	False	True
EIF4EBP3	EIF4EBP3	chr5	140547661	+	False	False	False	0.6381909547738693	0.8883928571428571	True	False	True	False	False	True	False	True
RAD9B	RAD9B	chr12	110502330	+	False	False	False	0.5829145728643216	0.9342723004694836	True	False	True	False	False	True	False	True
GANAB	GANAB	chr11	62646612	-	False	False	False	0.6884422110552764	1.0435476516187872	True	False	True	False	False	True	False	True
JRKL	JRKL	chr11	96390012	+	False	False	False	0.7085427135678392	0.6241039426523297	False	False	False	False	False	False	False	False
ACBD6	ACBD6	chr1	180502576	-	False	False	False	0.7487437185929648	0.9012681159420289	True	False	True	False	False	True	False	True
FOXN2	FOXN2	chr2	48314681	+	False	False	False	0.6834170854271356	0.6479069767441861	False	False	False	False	False	False	False	False
PELO	PELO	chr5	52787915	+	False	False	False	0.6080402010050251	0.492032967032967	False	False	False	False	False	False	False	False
SIRT2	SIRT2	chr19	38899617	-	False	False	False	0.6130653266331658	0.8671023965141612	True	False	True	False	False	True	False	True
SMIM20	SMIM20	chr4	25914219	+	False	False	False	0.7035175879396985	0.7991967871485943	True	False	True	False	False	True	False	True
DHRS1	DHRS1	chr14	24299779	-	False	True	False	0.6130653266331658	0.8901313950237629	True	False	True	False	True	True	False	True
CDCA8	CDCA8	chr1	37692515	+	False	False	False	0.5979899497487438	0.7459630911188004	True	False	True	False	False	True	False	True
DDIAS	DDIAS	chr11	82901735	+	False	False	False	0.6080402010050251	0.9243169398907104	True	False	True	False	False	True	False	True
RRP8	RRP8	chr11	6603615	-	False	False	False	0.6834170854271356	0.9164473684210527	True	False	True	False	False	True	False	True
SLC35C1	SLC35C1	chr11	45805148	+	False	False	False	0.7336683417085427	0.7559354226020892	True	False	True	False	False	True	False	True
PTPN23	PTPN23	chr3	47381020	+	False	False	False	0.6934673366834171	0.7159788359788359	True	False	True	False	False	True	False	True
ORMDL3	ORMDL3	chr17	39927600	-	False	False	False	0.7386934673366834	1.0114834337349397	True	False	True	False	False	True	False	True
BCCIP	BCCIP	chr10	125823545	+	False	False	False	0.6482412060301508	0.8698397280233123	True	False	True	False	False	True	False	True
GADD45GIP1	GADD45GIP1	chr19	12957222	-	False	False	False	0.7537688442211056	0.7450525940452843	True	False	True	False	False	True	False	True
RTL8C	RTL8C	chrX	135032354	+	False	False	False	0.6934673366834171	0.9631734006734006	True	False	True	False	False	True	False	True
CHST11	CHST11	chr12	104456947	+	False	False	False	0.6834170854271356	0.8614718614718615	True	False	True	False	False	True	False	True
RCBTB2	RCBTB2	chr13	48533079	-	False	False	False	0.7236180904522613	0.9433142405688327	True	False	True	False	False	True	False	True
CCT7	CCT7	chr2	73234307	+	False	False	False	0.592964824120603	1.0005915409642119	True	False	True	False	False	True	False	True
RNF227	RNF227	chr17	7916288	-	False	False	False	0.6834170854271356	1.0337662337662337	True	False	True	False	False	True	False	True
MED1	MED1	chr17	39451262	-	False	False	False	0.5728643216080402	1.041243459526008	True	False	True	False	False	True	False	True
CHORDC1	CHORDC1	chr11	90223048	-	False	False	False	0.6130653266331658	1.1778315846112457	True	False	True	False	False	True	False	True
CEP55	CEP55	chr10	93496611	+	False	False	False	0.7286432160804021	1.1068277713847334	True	False	True	False	False	True	False	True
SF3B2	SF3B2	chr11	66052363	+	False	False	False	0.6834170854271356	0.8637152777777778	True	False	True	False	False	True	False	True
ABCD2	ABCD2	chr12	39619802	-	False	False	False	0.542713567839196	0.41458333333333336	False	False	False	False	False	False	False	False
NVL	NVL	chr1	224330171	-	False	False	False	0.6432160804020101	0.93128078817734	True	False	True	False	False	True	False	True
MAP1A	MAP1A	chr15	43517607	+	False	False	False	0.6834170854271356	0.5109114249037228	False	False	False	False	False	False	False	False
XRRA1	XRRA1	chr11	74949090	-	False	False	False	0.678391959798995	1.0854545454545454	True	False	True	False	False	True	False	True
PIN4	PIN4	chrX	72181756	+	False	False	False	0.5326633165829145	0.8213883677298311	False	False	False	False	False	False	False	False
FBXO15	FBXO15	chr18	74147833	-	False	False	False	0.6532663316582915	1.0521509252583514	True	False	True	False	False	True	False	True
RAB13	RAB13	chr1	153986338	-	False	False	False	0.7135678391959799	0.5157496012759171	False	False	False	False	False	False	False	False
ZNF593	ZNF593	chr1	26169907	+	False	False	False	0.7336683417085427	0.8603383458646616	True	False	True	False	False	True	False	True
TTC27	TTC27	chr2	32628049	+	False	False	False	0.6532663316582915	0.7107142857142857	True	False	True	False	False	True	False	True
DHX35	DHX35	chr20	38962343	+	False	False	False	0.7135678391959799	0.8796463733172594	True	False	True	False	False	True	False	True
FN3KRP	FN3KRP	chr17	82716705	+	False	False	False	0.7437185929648241	0.9254092261904762	True	False	True	False	False	True	False	True
TMEM222	TMEM222	chr1	27322162	+	False	False	False	0.7437185929648241	0.8824833702882483	True	False	True	False	False	True	False	True
HSD17B10	HSD17B10	chrX	53434369	-	False	False	False	0.678391959798995	1.0613333333333332	True	False	True	False	False	True	False	True
PHACTR4	PHACTR4	chr1	28369739	+	False	False	False	0.6834170854271356	0.6468039003250271	False	False	False	False	False	False	False	False
PPM1A	PPM1A	chr14	60249220	+	False	False	False	0.8140703517587939	1.2634920634920634	True	False	True	False	False	True	False	True
RAB5IF	RAB5IF	chr20	36605778	+	False	False	False	0.7286432160804021	1.098401218119528	True	False	True	False	False	True	False	True
RABGAP1L	RABGAP1L	chr1	174159519	+	False	False	False	0.7487437185929648	0.8728070175438597	True	False	True	False	False	True	False	True
NOP10	NOP10	chr15	34343135	-	False	False	False	0.5175879396984925	0.9965331278890601	False	False	False	False	False	False	False	False
LMAN2L	LMAN2L	chr2	96740063	-	False	False	False	0.6331658291457286	0.8677325581395349	True	False	True	False	False	True	False	True
RCAN1	RCAN1	chr21	34615112	-	False	False	False	0.8040201005025126	1.1816722837425775	True	False	True	False	False	True	False	True
SERPINH1	SERPINH1	chr11	75562252	+	False	False	False	0.6633165829145728	0.9921652421652422	True	False	True	False	False	True	False	True
MOB3B	MOB3B	chr9	27529813	-	False	False	False	0.7336683417085427	1.008445945945946	True	False	True	False	False	True	False	True
TRAP1	TRAP1	chr16	3717523	-	False	False	False	0.7989949748743719	1.1371428571428572	True	False	True	False	False	True	False	True
MCOLN1	MCOLN1	chr19	7522623	+	False	False	False	0.7135678391959799	1.0268317853457172	True	False	True	False	False	True	False	True
SINHCAF	SINHCAF	chr12	31326149	-	False	False	False	0.5678391959798995	0.8339780786589297	True	False	True	False	False	True	False	True
TRPM4	TRPM4	chr19	49157791	+	False	False	False	0.7236180904522613	0.6546052631578947	True	False	True	False	False	True	False	True
H2AJ	H2AJ	chr12	14774404	+	False	False	False	0.6080402010050251	1.1055555555555556	True	False	True	False	False	True	False	True
MDC1	MDC1	chr6	30717280	-	False	False	False	0.628140703517588	0.8674358974358974	True	False	True	False	False	True	False	True
TM9SF4	TM9SF4	chr20	32109713	+	False	False	False	0.6180904522613065	0.8432203389830508	True	False	True	False	False	True	False	True
JOSD1	JOSD1	chr22	38700942	-	False	False	False	0.8140703517587939	1.005050505050505	True	False	True	False	False	True	False	True
USP22	USP22	chr17	21043010	-	False	False	False	0.7788944723618091	1.0463025780189958	True	False	True	False	False	True	False	True
PSAT1	PSAT1	chr9	78297124	+	False	False	False	0.7085427135678392	0.9648484848484848	True	False	True	False	False	True	False	True
FTO	FTO	chr16	53704155	+	False	False	False	0.6180904522613065	0.8913773796192609	True	False	True	False	False	True	False	True
KIFAP3	KIFAP3	chr1	170074694	-	False	False	False	0.6582914572864321	0.7474178403755869	True	False	True	False	False	True	False	True
LYSET	LYSET	chr14	93185316	+	False	False	False	0.6432160804020101	0.9239980449657869	True	False	True	False	False	True	False	True
HELQ	HELQ	chr4	83455822	-	False	False	True	0.5778894472361809	0.7227602905569007	True	False	True	False	False	True	False	True
CREB3L2	CREB3L2	chr7	138002085	-	False	False	False	0.592964824120603	0.5042762115932847	False	False	False	False	False	False	False	False
MINDY3	MINDY3	chr10	15860506	-	False	False	False	0.5979899497487438	0.45356125356125354	False	False	False	False	False	False	False	False
MAP3K11	MAP3K11	chr11	65614220	-	False	False	False	0.6532663316582915	0.6124526515151515	False	False	False	False	False	False	False	False
DDX28	DDX28	chr16	68023231	-	False	False	False	0.6532663316582915	1.200530888030888	True	False	True	False	False	True	False	True
CDC20	CDC20	chr1	43358980	+	False	False	False	0.6532663316582915	0.8674803836094158	True	False	True	False	False	True	False	True
SNX33	SNX33	chr15	75647911	+	False	False	False	0.6984924623115578	0.6207664884135472	False	False	False	False	False	False	False	False
EIF4G3	EIF4G3	chr1	21176896	-	False	False	False	0.6080402010050251	0.9386792452830188	True	False	True	False	False	True	False	True
SLC41A1	SLC41A1	chr1	205813197	-	False	True	False	0.6633165829145728	0.6854190585533869	True	False	True	False	True	True	False	True
PPIE	PPIE	chr1	39738881	+	False	False	False	0.6683417085427136	1.005050505050505	True	False	True	False	False	True	False	True
TFAM	TFAM	chr10	58385409	+	False	False	False	0.6532663316582915	0.908675799086758	True	False	True	False	False	True	False	True
ZNF671	ZNF671	chr19	57727623	-	False	False	False	0.6030150753768844	0.6430669800235017	False	False	False	False	False	False	False	False
IQGAP3	IQGAP3	chr1	156572564	-	False	False	False	0.6582914572864321	0.7125319693094629	True	False	True	False	False	True	False	True
AKR1B1	AKR1B1	chr7	134459099	-	False	False	False	0.6683417085427136	0.9012681159420289	True	False	True	False	False	True	False	True
SS18	SS18	chr18	26090612	-	False	False	False	0.7085427135678392	0.8883928571428571	True	False	True	False	False	True	False	True
PARVG	PARVG	chr22	44180924	+	False	False	False	0.48743718592964824	0.34280792420327305	False	False	False	False	False	False	False	False
ZNF226	ZNF226	chr19	44165099	+	False	False	False	0.5477386934673367	0.5360269360269361	False	False	False	False	False	False	False	False
ZNF184	ZNF184	chr6	27473104	-	False	False	False	0.6683417085427136	1.1264150943396227	True	False	True	False	False	True	False	True
PSMD9	PSMD9	chr12	121888789	+	False	False	False	0.6884422110552764	1.0205128205128204	True	False	True	False	False	True	False	True
MPHOSPH9	MPHOSPH9	chr12	123233140	-	False	False	False	0.7236180904522613	1.04634858812074	True	False	True	False	False	True	False	True
BLOC1S6	BLOC1S6	chr15	45587378	+	False	False	False	0.6231155778894473	0.9877220480668757	True	False	True	False	False	True	False	True
ENSG00000256500	ENSG00000256500	chr14	103562961	+	False	False	False	0.7437185929648241	1.0952118877270225	True	False	True	False	False	True	False	True
PIH1D2	PIH1D2	chr11	112074016	-	False	False	False	0.49748743718592964	0.5059322033898305	False	False	False	False	False	False	False	False
PITRM1	PITRM1	chr10	3172781	-	False	False	False	0.7085427135678392	1.0334441213128376	True	False	True	False	False	True	False	True
BTBD8	BTBD8	chr1	92080344	+	False	False	True	0.6582914572864321	0.885480093676815	True	False	True	False	False	True	False	True
DTX3	DTX3	chr12	57604823	+	False	False	False	0.6934673366834171	0.7053402646502835	True	False	True	False	False	True	False	True
NOCT	NOCT	chr4	139015780	+	False	False	False	0.7085427135678392	0.9314204314204314	True	False	True	False	False	True	False	True
WASHC5	WASHC5	chr8	125091791	-	False	False	False	0.6733668341708543	0.7981283422459893	True	False	True	False	False	True	False	True
SNRPD1	SNRPD1	chr18	21612313	+	False	False	False	0.678391959798995	1.0046093064091308	True	False	True	False	False	True	False	True
TOMM7	TOMM7	chr7	22822848	-	False	False	False	0.6180904522613065	0.8959216101694916	True	False	True	False	False	True	False	True
MKS1	MKS1	chr17	58219254	-	False	False	False	0.7085427135678392	1.2412474849094568	True	False	True	False	False	True	False	True
ZNF517	ZNF517	chr8	144798912	+	False	False	False	0.7889447236180904	0.9535690680766689	True	False	True	False	False	True	False	True
TNFRSF10B	TNFRSF10B	chr8	23069030	-	False	False	False	0.5879396984924623	0.9504477611940298	True	False	True	False	False	True	False	True
UTP14A	UTP14A	chrX	129906163	+	False	False	False	0.5728643216080402	1.1375039695141316	True	False	True	False	False	True	False	True
HSD17B11	HSD17B11	chr4	87391187	-	False	False	False	0.47738693467336685	0.7981283422459893	False	False	False	False	False	False	False	False
BRD1	BRD1	chr22	49827872	-	False	False	False	0.8291457286432161	1.2062389118864578	True	False	True	False	False	True	False	True
MXD3	MXD3	chr5	177311897	-	False	False	False	0.6934673366834171	0.7529955854530166	True	False	True	False	False	True	False	True
KDM6A	KDM6A	chrX	44873187	+	False	False	False	0.6934673366834171	1.008445945945946	True	False	True	False	False	True	False	True
PHTF1	PHTF1	chr1	113759485	-	False	False	False	0.7537688442211056	0.8846017069701281	True	False	True	False	False	True	False	True
TNIP3	TNIP3	chr4	121164320	-	False	True	False	0.36180904522613067	0.30709876543209874	False	False	False	False	True	False	False	False
FAM168A	FAM168A	chr11	73598111	-	False	False	False	0.7437185929648241	0.8371394230769231	True	False	True	False	False	True	False	True
RDX	RDX	chr11	110296613	-	False	True	False	0.7939698492462312	1.0522352187149495	True	False	True	False	True	True	False	True
ZC3H12A	ZC3H12A	chr1	37474579	+	False	False	False	0.7788944723618091	0.9308386234547277	True	False	True	False	False	True	False	True
CKS2	CKS2	chr9	89311194	+	False	False	False	0.6331658291457286	1.1637426900584795	True	False	True	False	False	True	False	True
INTS14	INTS14	chr15	65611130	-	False	False	False	0.6532663316582915	1.1030486268581507	True	False	True	False	False	True	False	True
APIP	APIP	chr11	34916378	-	False	False	False	0.7236180904522613	0.9300876338851023	True	False	True	False	False	True	False	True
ICAM1	ICAM1	chr19	10271119	+	False	False	False	0.6733668341708543	0.7195480225988701	True	False	True	False	False	True	False	True
GPX7	GPX7	chr1	52602370	+	False	False	False	0.7638190954773869	1.0424305919329493	True	False	True	False	False	True	False	True
USP16	USP16	chr21	29024667	+	False	False	False	0.6130653266331658	0.5985780694558381	False	False	False	False	False	False	False	False
PIN1	PIN1	chr19	9835317	+	False	False	False	0.7487437185929648	0.986651411136537	True	False	True	False	False	True	False	True
MFSD11	MFSD11	chr17	76738118	+	False	False	False	0.6080402010050251	0.8155737704918032	True	False	True	False	False	True	False	True
GTSE1	GTSE1	chr22	46296869	+	False	False	False	0.6582914572864321	1.03060263653484	True	False	True	False	False	True	False	True
ITGA6	ITGA6	chr2	172427585	+	False	False	False	0.7537688442211056	1.1262026032823995	True	False	True	False	False	True	False	True
WWOX	WWOX	chr16	78099653	+	False	False	False	0.7035175879396985	1.1110421836228288	True	False	True	False	False	True	False	True
ZNF213	ZNF213	chr16	3135028	+	False	False	False	0.6884422110552764	1.0349881796690308	True	False	True	False	False	True	False	True
ZNF787	ZNF787	chr19	56121294	-	False	True	False	0.7537688442211056	0.7783572359843546	True	False	True	False	True	True	False	True
BBS4	BBS4	chr15	72686206	+	False	False	False	0.6331658291457286	1.0091277890466532	True	False	True	False	False	True	False	True
LSM5	LSM5	chr7	32490379	-	False	True	False	0.5979899497487438	0.9561899378179762	True	False	True	False	True	True	False	True
CFL1	CFL1	chr11	65858179	-	False	False	False	0.678391959798995	0.9621978021978022	True	False	True	False	False	True	False	True
CTNS	CTNS	chr17	3636759	+	False	False	False	0.6984924623115578	0.8260689082606891	True	False	True	False	False	True	False	True
SNRPC	SNRPC	chr6	34757504	+	False	False	False	0.6381909547738693	0.9476190476190476	True	False	True	False	False	True	False	True
CRIPT	CRIPT	chr2	46617214	+	False	False	False	0.5628140703517588	0.699609375	True	False	True	False	False	True	False	True
ENSG00000265118	ENSG00000265118	chr17	31318830	-	False	False	False	0.36683417085427134	0.31191222570532917	False	False	False	False	False	False	False	False
MSANTD7	MSANTD7	chr10	14838305	+	False	False	False	0.6934673366834171	0.977991452991453	True	False	True	False	False	True	False	True
NSG1	NSG1	chr4	4387101	+	False	False	False	0.7688442211055276	1.0131671348314606	True	False	True	False	False	True	False	True
RNF166	RNF166	chr16	88706407	-	False	False	False	0.7788944723618091	1.1565811965811965	True	False	True	False	False	True	False	True
HNRNPC	HNRNPC	chr14	21269441	-	False	False	False	0.592964824120603	1.0005915409642119	True	False	True	False	False	True	False	True
LAMP3	LAMP3	chr3	183162733	-	False	False	False	0.6884422110552764	0.8068715322236449	True	False	True	False	False	True	False	True
MKNK1	MKNK1	chr1	46604267	-	False	False	False	0.7085427135678392	0.7719477337688853	True	False	True	False	False	True	False	True
MYCBP2	MYCBP2	chr13	77327093	-	False	False	False	0.7135678391959799	0.8022396416573349	True	False	True	False	False	True	False	True
RGS9	RGS9	chr17	65137369	+	False	False	False	0.7587939698492462	0.8731133731133731	True	False	True	False	False	True	False	True
TTC21B	TTC21B	chr2	165953775	-	False	False	False	0.7135678391959799	0.8304848966613673	True	False	True	False	False	True	False	True
ODF2L	ODF2L	chr1	86396322	-	False	False	False	0.6381909547738693	0.7440179461615155	True	False	True	False	False	True	False	True
HMSD	HMSD	chr18	63949300	+	False	False	False	0.7085427135678392	0.8048105576841209	True	False	True	False	False	True	False	True
ZNF239	ZNF239	chr10	43574615	-	False	False	False	0.6934673366834171	0.8387776606954689	True	False	True	False	False	True	False	True
YKT6	YKT6	chr7	44200977	+	False	False	False	0.6934673366834171	0.8844444444444445	True	False	True	False	False	True	False	True
ATXN2L	ATXN2L	chr16	28822998	+	False	False	False	0.8140703517587939	1.1413506012950971	True	False	True	False	False	True	False	True
SYMPK	SYMPK	chr19	45863146	-	False	False	False	0.7336683417085427	1.0992225859247136	True	False	True	False	False	True	False	True
TMEM168	TMEM168	chr7	112790392	-	False	False	False	0.7135678391959799	1.3222591362126246	True	False	True	False	False	True	False	True
AARSD1	AARSD1	chr17	42964453	-	False	False	False	0.6432160804020101	1.0265291083271924	True	False	True	False	False	True	False	True
CCDC115	CCDC115	chr2	130342163	-	False	False	False	0.6331658291457286	0.5236842105263158	False	False	False	False	False	False	False	False
ATR	ATR	chr3	142578732	-	False	False	False	0.6834170854271356	0.7829508196721311	True	False	True	False	False	True	False	True
PSPH	PSPH	chr7	56051443	-	False	False	False	0.678391959798995	0.8335537918871252	True	False	True	False	False	True	False	True
KCTD10	KCTD10	chr12	109477299	-	False	True	False	0.6834170854271356	0.7038019451812555	True	False	True	False	True	True	False	True
MRPL9	MRPL9	chr1	151763495	-	False	True	False	0.7236180904522613	0.8835907335907336	True	False	True	False	True	True	False	True
OSBPL3	OSBPL3	chr7	24980177	-	False	False	False	0.7688442211055276	0.8886980419099966	True	False	True	False	False	True	False	True
FANCM	FANCM	chr14	45135929	+	False	False	False	0.542713567839196	0.8982638888888889	False	False	False	False	False	False	False	False
DNAJB6	DNAJB6	chr7	157337003	+	False	False	False	0.6582914572864321	1.1552975326560233	True	False	True	False	False	True	False	True
ZNF14	ZNF14	chr19	19733111	-	False	False	False	0.6080402010050251	0.8160196828868234	True	False	True	False	False	True	False	True
NAT1	NAT1	chr8	18210108	+	False	False	False	0.5376884422110553	0.14183891660727013	False	False	False	False	False	False	False	False
CATSPERD	CATSPERD	chr19	5720636	+	False	False	False	0.678391959798995	0.9847053531264057	True	False	True	False	False	True	False	True
VSIR	VSIR	chr10	71773519	-	False	False	False	0.7889447236180904	0.9802955665024631	True	False	True	False	False	True	False	True
ENSG00000284773	ENSG00000284773	chr1	34985312	-	False	False	False	0.7035175879396985	0.8883928571428571	True	False	True	False	False	True	False	True
MTERF2	MTERF2	chr12	106987145	-	False	False	False	0.6834170854271356	0.774496336996337	True	False	True	False	False	True	False	True
MBLAC1	MBLAC1	chr7	100126966	+	False	False	False	0.6381909547738693	0.8897168405365127	True	False	True	False	False	True	False	True
FAHD2B	FAHD2B	chr2	97094881	-	False	False	False	0.7085427135678392	0.7616841257050766	True	False	True	False	False	True	False	True
PPP3CB	PPP3CB	chr10	73496023	-	False	False	False	0.6683417085427136	0.7877288471053934	True	False	True	False	False	True	False	True
ANKRD40	ANKRD40	chr17	50707913	-	False	False	False	0.6834170854271356	0.8439732142857143	True	False	True	False	False	True	False	True
TBL3	TBL3	chr16	1972052	+	False	False	False	0.6934673366834171	1.132349841938883	True	False	True	False	False	True	False	True
DBI	DBI	chr2	119366976	+	False	False	True	0.6432160804020101	0.77734375	True	False	True	False	False	True	False	True
SRSF3	SRSF3	chr6	36594361	+	True	False	False	0.5728643216080402	1.052910052910053	True	False	False	True	False	True	False	False
EMC10	EMC10	chr19	50476506	+	False	False	False	0.7185929648241206	0.7831562377016923	True	False	True	False	False	True	False	True
ENSG00000284057	ENSG00000284057	chr11	93741663	+	False	False	False	0.592964824120603	1.1845238095238095	True	False	True	False	False	True	False	True
POLR2E	POLR2E	chr19	1095374	-	False	False	False	0.6984924623115578	1.3006535947712419	True	False	True	False	False	True	False	True
TMPO	TMPO	chr12	98515589	+	False	False	False	0.6884422110552764	1.0648544520547945	True	False	True	False	False	True	False	True
SUOX	SUOX	chr12	55997275	+	False	False	False	0.592964824120603	0.47086660751257026	False	False	False	False	False	False	False	False
MLST8	MLST8	chr16	2205453	+	False	False	False	0.7135678391959799	1.0159281192566878	True	False	True	False	False	True	False	True
ASCC2	ASCC2	chr22	29838273	-	False	False	False	0.7286432160804021	0.9804887662593614	True	False	True	False	False	True	False	True
DCAF15	DCAF15	chr19	13952508	+	False	False	False	0.7286432160804021	0.9306972789115646	True	False	True	False	False	True	False	True
NASP	NASP	chr1	45584040	+	True	False	False	0.592964824120603	0.804040404040404	True	False	False	True	False	True	False	False
GET3	GET3	chr19	12737496	+	False	False	False	0.542713567839196	0.6461038961038961	False	False	False	False	False	False	False	False
HPS5	HPS5	chr11	18322139	-	False	False	False	0.6080402010050251	0.8518835616438356	True	False	True	False	False	True	False	True
XRCC6	XRCC6	chr22	41621294	+	False	False	False	0.592964824120603	1.0068452380952382	True	False	True	False	False	True	False	True
SLK	SLK	chr10	103967139	+	False	False	False	0.8241206030150754	1.21265625	True	False	True	False	False	True	False	True
PLEKHA8	PLEKHA8	chr7	30028411	+	False	False	False	0.7487437185929648	1.0795660036166366	True	False	True	False	False	True	False	True
DIAPH1	DIAPH1	chr5	141618999	-	False	False	False	0.7487437185929648	1.251572327044025	True	False	True	False	False	True	False	True
ATM	ATM	chr11	108223066	+	False	False	False	0.6331658291457286	1.0021203286509408	True	False	True	False	False	True	False	True
PHKG2	PHKG2	chr16	30748424	+	False	False	False	0.6934673366834171	0.7525210084033613	True	False	True	False	False	True	False	True
PSME4	PSME4	chr2	53970992	-	False	False	False	0.7738693467336684	0.908675799086758	True	False	True	False	False	True	False	True
HYCC2	HYCC2	chr2	201071670	-	False	False	False	0.6381909547738693	0.6611295681063123	True	False	True	False	False	True	False	True
SLFN5	SLFN5	chr17	35243071	+	False	False	False	0.6432160804020101	0.825927734375	True	False	True	False	False	True	False	True
SNX13	SNX13	chr7	17940493	-	False	False	False	0.7035175879396985	1.3006535947712419	True	False	True	False	False	True	False	True
MAN2C1	MAN2C1	chr15	75368606	-	False	False	False	0.6683417085427136	0.9606896551724138	True	False	True	False	False	True	False	True
TIGD6	TIGD6	chr5	150000653	-	False	False	False	0.6934673366834171	0.9197478991596638	True	False	True	False	False	True	False	True
SLC38A9	SLC38A9	chr5	55712323	-	False	False	False	0.5879396984924623	1.0485948477751756	True	False	True	False	False	True	False	True
RNF19B	RNF19B	chr1	32964808	-	False	False	False	0.7336683417085427	1.191124871001032	True	False	True	False	False	True	False	True
NOA1	NOA1	chr4	56977605	-	False	False	False	0.6532663316582915	1.0303254437869822	True	False	True	False	False	True	False	True
RPN2	RPN2	chr20	37179329	+	False	False	False	0.6934673366834171	0.8868845500848896	True	False	True	False	False	True	False	True
WASHC3	WASHC3	chr12	102061990	-	False	False	False	0.6231155778894473	0.678409090909091	True	False	True	False	False	True	False	True
PCED1A	PCED1A	chr20	2840654	-	False	False	False	0.7487437185929648	0.7316176470588235	True	False	True	False	False	True	False	True
PDP1	PDP1	chr8	93916922	+	False	False	False	0.7688442211055276	0.8203366540707661	True	False	True	False	False	True	False	True
DNTTIP1	DNTTIP1	chr20	45791953	+	False	False	False	0.7437185929648241	1.0267182605491063	True	False	True	False	False	True	False	True
TGIF1	TGIF1	chr18	3450171	+	False	False	False	0.7487437185929648	0.7236363636363636	True	False	True	False	False	True	False	True
BBS9	BBS9	chr7	33129563	+	False	False	False	0.6482412060301508	0.8136123136123136	True	False	True	False	False	True	False	True
HEATR5A	HEATR5A	chr14	31420549	-	False	True	False	0.6934673366834171	0.8844444444444445	True	False	True	False	True	True	False	True
ACTL10	ACTL10	chr20	33666942	+	False	False	False	0.6180904522613065	0.710291493158834	True	False	True	False	False	True	False	True
STK26	STK26	chrX	132023301	+	False	False	False	0.7286432160804021	0.7572298325722984	True	False	True	False	False	True	False	True
DARS2	DARS2	chr1	173824672	+	False	False	False	0.5577889447236181	1.0337662337662337	True	False	True	False	False	True	False	True
DYRK4	DYRK4	chr12	4562207	+	False	False	False	0.6683417085427136	0.9004524886877828	True	False	True	False	False	True	False	True
ILF3	ILF3	chr19	10654345	+	False	False	False	0.7537688442211056	0.9304081999640352	True	False	True	False	False	True	False	True
ZNF148	ZNF148	chr3	125375324	-	False	False	False	0.6984924623115578	0.8938534278959811	True	False	True	False	False	True	False	True
AMBRA1	AMBRA1	chr11	46594022	-	False	False	False	0.6180904522613065	1.1637426900584795	True	False	True	False	False	True	False	True
TOR1B	TOR1B	chr9	129803183	+	False	False	True	0.7487437185929648	0.9048882152330429	True	False	True	False	False	True	False	True
LRP10	LRP10	chr14	22871739	+	False	False	False	0.7286432160804021	0.6473402219670876	False	False	False	False	False	False	False	False
PPIA	PPIA	chr7	44796680	+	True	False	False	0.6532663316582915	1.1956260514299448	True	False	False	True	False	True	False	False
MTR	MTR	chr1	236795291	+	False	False	False	0.5829145728643216	0.8897168405365127	True	False	True	False	False	True	False	True
POLD2	POLD2	chr7	44123547	-	False	False	False	0.7386934673366834	1.2183673469387755	True	False	True	False	False	True	False	True
MAP1LC3B	MAP1LC3B	chr16	87392335	+	False	False	False	0.7638190954773869	1.0424305919329493	True	False	True	False	False	True	False	True
C1orf35	C1ORF35	chr1	228103324	-	False	False	False	0.7386934673366834	1.1249512670565303	True	False	True	False	False	True	False	True
UBXN4	UBXN4	chr2	135741854	+	False	False	False	0.7286432160804021	1.0648038049940547	True	False	True	False	False	True	False	True
ABCB7	ABCB7	chrX	75156282	-	False	False	False	0.5979899497487438	1.0686828716789147	True	False	True	False	False	True	False	True
NAP1L5	NAP1L5	chr4	88697828	-	False	False	False	0.6582914572864321	0.8373071528751753	True	False	True	False	False	True	False	True
BACH2	BACH2	chr6	90296842	-	False	False	False	0.6934673366834171	1.148076923076923	True	False	True	False	False	True	False	True
ISCU	ISCU	chr12	108562595	+	False	False	False	0.7336683417085427	1.0099624060150376	True	False	True	False	False	True	False	True
DROSHA	DROSHA	chr5	31532092	-	False	False	False	0.6030150753768844	0.9407675194660734	True	False	True	False	False	True	False	True
HMGCR	HMGCR	chr5	75337219	+	False	False	False	0.6432160804020101	0.9871031746031746	True	False	True	False	False	True	False	True
COG4	COG4	chr16	70523553	-	False	False	True	0.5778894472361809	0.6896660365469439	True	False	True	False	False	True	False	True
PPIH	PPIH	chr1	42658422	+	False	False	False	0.6231155778894473	1.0356492323705437	True	False	True	False	False	True	False	True
CHTOP	CHTOP	chr1	153634065	+	False	False	False	0.6080402010050251	1.1000552791597569	True	False	True	False	False	True	False	True
CR2	CR2	chr1	207454327	+	False	False	False	0.7085427135678392	0.8504273504273504	True	False	True	False	False	True	False	True
BRCC3	BRCC3	chrX	155071507	+	False	False	False	0.6934673366834171	0.9051332033788174	True	False	True	False	False	True	False	True
CD5	CD5	chr11	61102488	+	False	False	False	0.6482412060301508	0.4169722367731797	False	False	False	False	False	False	False	False
CCRL2	CCRL2	chr3	46407258	+	False	False	False	0.5577889447236181	0.40834473324213405	False	False	False	False	False	False	False	False
ZNHIT1	ZNHIT1	chr7	101218164	+	False	False	False	0.5678391959798995	0.9351503759398496	True	False	True	False	False	True	False	True
LSM2	LSM2	chr6	31806965	-	False	False	False	0.6884422110552764	0.825185508511567	True	False	True	False	False	True	False	True
SSR1	SSR1	chr6	7313198	-	False	False	False	0.7085427135678392	1.0014090177133654	True	False	True	False	False	True	False	True
TRABD2A	TRABD2A	chr2	84881083	-	False	True	False	0.7688442211055276	0.6637991573033708	True	False	True	False	True	True	False	True
LENG8	LENG8	chr19	54449198	+	False	False	False	0.6834170854271356	0.9952261877699478	True	False	True	False	False	True	False	True
DISP1	DISP1	chr1	222815038	+	False	False	False	0.7286432160804021	1.0485948477751756	True	False	True	False	False	True	False	True
CIR1	CIR1	chr2	174395711	-	False	False	False	0.5527638190954773	0.5306666666666666	False	False	False	False	False	False	False	False
POM121	POM121	chr7	72925094	+	False	False	False	0.7487437185929648	1.4324473975636767	True	False	True	False	False	True	False	True
PKM	PKM	chr15	72231189	-	False	False	True	0.7085427135678392	0.9507685916078106	True	False	True	False	False	True	False	True
ZFP62	ZFP62	chr5	180861275	-	False	False	False	0.7839195979899497	1.093953023488256	True	False	True	False	False	True	False	True
GANC	GANC	chr15	42273200	+	False	False	False	0.5778894472361809	0.5467032967032966	False	False	False	False	False	False	False	False
NR4A1	NR4A1	chr12	52051441	+	False	False	False	0.6984924623115578	0.8816455696202532	True	False	True	False	False	True	False	True
ARMC6	ARMC6	chr19	19033602	+	False	False	False	0.7286432160804021	1.1737062404870624	True	False	True	False	False	True	False	True
MARS1	MARS1	chr12	57488067	+	False	False	False	0.6683417085427136	1.0153061224489797	True	False	True	False	False	True	False	True
SBF2	SBF2	chr11	10294218	-	False	False	False	0.7587939698492462	0.9111721611721612	True	False	True	False	False	True	False	True
NEK3	NEK3	chr13	52159596	-	False	False	False	0.7135678391959799	0.7901528687710939	True	False	True	False	False	True	False	True
S1PR1	S1PR1	chr1	101237018	+	False	False	False	0.6633165829145728	0.9921652421652422	True	False	True	False	False	True	False	True
TOPORS	TOPORS	chr9	32552585	-	False	True	False	0.5879396984924623	0.7984567901234568	True	False	True	False	True	True	False	True
CDS2	CDS2	chr20	5127007	+	False	False	False	0.7437185929648241	0.9192535107169254	True	False	True	False	False	True	False	True
RNF121	RNF121	chr11	71929045	+	False	False	False	0.6633165829145728	0.737037037037037	True	False	True	False	False	True	False	True
NEPRO	NEPRO	chr3	113019670	-	False	False	False	0.7236180904522613	0.8686507936507937	True	False	True	False	False	True	False	True
IDH3G	IDH3G	chrX	153794374	-	False	False	False	0.6984924623115578	1.4043171440431714	True	False	True	False	False	True	False	True
RLF	RLF	chr1	40161386	+	False	False	False	0.7386934673366834	1.0473684210526315	True	False	True	False	False	True	False	True
ZNF615	ZNF615	chr19	52008210	-	False	False	False	0.6180904522613065	0.7955756929637526	True	False	True	False	False	True	False	True
TSPAN4	TSPAN4	chr11	842851	+	False	False	False	0.7437185929648241	1.0734747023809523	True	False	True	False	False	True	False	True
UBE2H	UBE2H	chr7	129952959	-	False	False	False	0.6984924623115578	0.7877083333333333	True	False	True	False	False	True	False	True
ZNF354B	ZNF354B	chr5	178859952	+	False	False	False	0.6582914572864321	0.8875586854460094	True	False	True	False	False	True	False	True
SYT11	SYT11	chr1	155859566	+	False	False	False	0.6030150753768844	0.7236363636363636	True	False	True	False	False	True	False	True
MAP2K1	MAP2K1	chr15	66386911	+	False	False	False	0.7437185929648241	0.7653846153846153	True	False	True	False	False	True	False	True
C18orf32	C18ORF32	chr18	49487233	-	False	False	False	0.6984924623115578	0.9892294946147473	True	False	True	False	False	True	False	True
DCAF16	DCAF16	chr4	17810756	-	False	False	False	0.6683417085427136	0.9110843373493976	True	False	True	False	False	True	False	True
ENSG00000288000	ENSG00000288000	chr20	43458053	+	False	False	True	0.6432160804020101	1.081788979490981	True	False	True	False	False	True	False	True
MCM4	MCM4	chr8	47960940	+	False	False	False	0.7386934673366834	1.1574108818011257	True	False	True	False	False	True	False	True
MIS18BP1	MIS18BP1	chr14	45253201	-	False	False	False	0.6582914572864321	1.1552975326560233	True	False	True	False	False	True	False	True
LCMT2	LCMT2	chr15	43330572	-	False	False	False	0.6130653266331658	0.5884408602150538	False	False	False	False	False	False	False	False
PUM1	PUM1	chr1	31065716	-	False	False	False	0.6683417085427136	0.7210144927536232	True	False	True	False	False	True	False	True
BCL6	BCL6	chr3	187745467	-	False	False	False	0.5025125628140703	0.5607890499194848	False	False	False	False	False	False	False	False
RSL24D1	RSL24D1	chr15	55196940	-	False	True	False	0.5376884422110553	1.063791874554526	False	False	False	False	True	False	False	False
DGKE	DGKE	chr17	56834150	+	False	False	False	0.7738693467336684	0.928781331028522	True	False	True	False	False	True	False	True
CHPF2	CHPF2	chr7	151232482	+	False	False	False	0.7135678391959799	0.9036119711042312	True	False	True	False	False	True	False	True
ATRAID	ATRAID	chr2	27212040	+	False	False	False	0.7788944723618091	0.9286666666666666	True	False	True	False	False	True	False	True
BPTF	BPTF	chr17	67825502	+	False	False	False	0.6984924623115578	0.9974937343358395	True	False	True	False	False	True	False	True
MAFG	MAFG	chr17	81927734	-	False	False	False	0.7386934673366834	1.148361876396128	True	False	True	False	False	True	False	True
ATAT1	ATAT1	chr6	30626873	+	False	False	False	0.6834170854271356	0.9280479680213192	True	False	True	False	False	True	False	True
CCND3	CCND3	chr6	41941807	-	False	False	False	0.7889447236180904	1.1637426900584795	True	False	True	False	False	True	False	True
ENSG00000261717	ENSG00000261717	chr16	75464705	-	False	False	False	0.6934673366834171	0.9051332033788174	True	False	True	False	False	True	False	True
CYTIP	CYTIP	chr2	157444088	-	False	False	False	0.44221105527638194	0.0	False	False	False	False	False	False	False	False
PARG	PARG	chr10	49942026	-	False	False	False	0.628140703517588	1.1208397337429596	True	False	True	False	False	True	False	True
SLC43A3	SLC43A3	chr11	57427120	-	False	False	False	0.7386934673366834	0.8616494845360825	True	False	True	False	False	True	False	True
DNA2	DNA2	chr10	68471972	-	False	False	False	0.6432160804020101	0.9239980449657869	True	False	True	False	False	True	False	True
SLMAP	SLMAP	chr3	57756308	+	False	False	False	0.6582914572864321	0.9490461847389559	True	False	True	False	False	True	False	True
MAD2L2	MAD2L2	chr1	11681147	-	False	False	False	0.7839195979899497	1.1102282333051563	True	False	True	False	False	True	False	True
NECAP1	NECAP1	chr12	8082273	+	False	False	False	0.6331658291457286	1.2109533468559839	True	False	True	False	False	True	False	True
PIF1	PIF1	chr15	64825646	-	False	False	False	0.5025125628140703	0.5628282828282828	False	False	False	False	False	False	False	False
PRDM11	PRDM11	chr11	45146638	+	False	False	False	0.6532663316582915	0.9912239089184061	True	False	True	False	False	True	False	True
TMEM53	TMEM53	chr1	44674480	-	False	False	False	0.7035175879396985	0.8562047101449275	True	False	True	False	False	True	False	True
TAF1B	TAF1B	chr2	9843473	+	False	False	False	0.7135678391959799	1.1845238095238095	True	False	True	False	False	True	False	True
TMEM102	TMEM102	chr17	7435434	+	False	False	False	0.5678391959798995	0.5614420062695925	False	False	False	False	False	False	False	False
PSMC2	PSMC2	chr7	103347642	+	False	False	False	0.5527638190954773	0.6759510869565217	True	False	True	False	False	True	False	True
RBM22	RBM22	chr5	150701061	-	False	False	True	0.6080402010050251	1.1436781609195403	True	False	True	False	False	True	False	True
SUMO2	SUMO2	chr17	75182958	-	False	False	False	0.6884422110552764	0.9759061833688699	True	False	True	False	False	True	False	True
YIPF1	YIPF1	chr1	53889796	-	False	False	False	0.6934673366834171	0.8387776606954689	True	False	True	False	False	True	False	True
LEO1	LEO1	chr15	51971777	-	False	False	False	0.5728643216080402	1.303635768096954	True	False	True	False	False	True	False	True
RPS19BP1	RPS19BP1	chr22	39532747	-	False	False	False	0.7386934673366834	0.8587242026266416	True	False	True	False	False	True	False	True
CENPJ	CENPJ	chr13	24922860	-	False	False	False	0.6381909547738693	0.8625701172870984	True	False	True	False	False	True	False	True
ENSG00000283761	ENSG00000283761	chr1	99970017	+	False	False	False	0.7487437185929648	1.0380029806259314	True	False	True	False	False	True	False	True
POLD4	POLD4	chr11	67353545	-	False	False	False	0.6582914572864321	0.6580066131317903	True	False	True	False	False	True	False	True
MYDGF	MYDGF	chr19	4670341	-	False	True	False	0.7638190954773869	0.9991343490304709	True	False	True	False	True	True	False	True
ENSG00000288645	ENSG00000288645	chr15	50686716	-	False	False	False	0.6884422110552764	1.0179028132992327	True	False	True	False	False	True	False	True
GNLY	GNLY	chr2	85694357	+	False	False	False	0.5527638190954773	0.1319628647214854	False	False	False	False	False	False	False	False
ARHGEF39	ARHGEF39	chr9	35665194	-	False	False	False	0.7286432160804021	0.9519709146574818	True	False	True	False	False	True	False	True
KCNK6	KCNK6	chr19	38319844	+	False	False	False	0.7085427135678392	0.7236363636363636	True	False	True	False	False	True	False	True
LNPK	LNPK	chr2	176002266	-	False	False	False	0.7487437185929648	0.986651411136537	True	False	True	False	False	True	False	True
SYF2	SYF2	chr1	25232501	-	False	False	True	0.5728643216080402	0.8331723027375201	True	False	True	False	False	True	False	True
AAGAB	AAGAB	chr15	67254660	-	False	False	False	0.6984924623115578	0.7847654628476546	True	False	True	False	False	True	False	True
HMGXB4	HMGXB4	chr22	35257492	+	False	False	False	0.6884422110552764	1.1074486301369864	True	False	True	False	False	True	False	True
PCGF5	PCGF5	chr10	91220662	+	False	False	False	0.8140703517587939	0.8441476826394344	True	False	True	False	False	True	False	True
TFCP2	TFCP2	chr12	51173134	-	False	False	False	0.6432160804020101	1.1013836477987422	True	False	True	False	False	True	False	True
TTC32	TTC32	chr2	19901982	-	False	False	False	0.5728643216080402	0.737037037037037	True	False	True	False	False	True	False	True
PDP2	PDP2	chr16	66880514	+	False	False	False	0.6432160804020101	0.5349462365591398	False	False	False	False	False	False	False	False
TMEM106C	TMEM106C	chr12	47963595	+	False	False	False	0.7035175879396985	1.0826532747436701	True	False	True	False	False	True	False	True
FOXK2	FOXK2	chr17	82519731	+	False	False	False	0.8291457286432161	1.1628708420737188	True	False	True	False	False	True	False	True
CCNL1	CCNL1	chr3	157160146	-	False	True	False	0.6733668341708543	1.245696400625978	True	False	True	False	True	True	False	True
LGMN	LGMN	chr14	92748626	-	False	False	False	0.678391959798995	0.9728888888888889	True	False	True	False	False	True	False	True
TTPAL	TTPAL	chr20	44475873	+	False	False	False	0.7487437185929648	1.0409451659451658	True	False	True	False	False	True	False	True
MKKS	MKKS	chr20	10434221	-	False	False	False	0.7085427135678392	1.157457415870378	True	False	True	False	False	True	False	True
PNPO	PNPO	chr17	47941570	+	False	False	False	0.592964824120603	0.6304723502304147	False	False	False	False	False	False	False	False
NSUN2	NSUN2	chr5	6633043	-	False	False	False	0.7035175879396985	0.9674487423377721	True	False	True	False	False	True	False	True
ERAL1	ERAL1	chr17	28855015	+	False	False	False	0.6030150753768844	0.7738888888888888	True	False	True	False	False	True	False	True
MBD2	MBD2	chr18	54224668	-	False	False	False	0.7437185929648241	1.032808155699722	True	False	True	False	False	True	False	True
APOBEC3B	APOBEC3B	chr22	38982346	+	False	False	False	0.5577889447236181	0.26201448321263987	False	False	False	False	False	False	False	False
PTCD2	PTCD2	chr5	72320372	+	False	False	False	0.6080402010050251	0.978688524590164	True	False	True	False	False	True	False	True
FUT4	FUT4	chr11	94543920	+	False	False	False	0.6934673366834171	0.8189300411522634	True	False	True	False	False	True	False	True
CEP63	CEP63	chr3	134486056	+	False	False	False	0.6130653266331658	0.8577586206896551	True	False	True	False	False	True	False	True
NRROS	NRROS	chr3	196639693	+	False	False	False	0.6733668341708543	0.820054945054945	True	False	True	False	False	True	False	True
ATP6V1A	ATP6V1A	chr3	113747034	+	False	False	False	0.6934673366834171	0.5871443624868282	False	False	False	False	False	False	False	False
EHBP1	EHBP1	chr2	62705712	+	False	False	False	0.7236180904522613	0.8610576923076924	True	False	True	False	False	True	False	True
FASTKD1	FASTKD1	chr2	169573864	-	False	False	True	0.5678391959798995	0.874450721908349	True	False	True	False	False	True	False	True
FAM98B	FAM98B	chr15	38454126	+	False	False	False	0.6482412060301508	0.7690821256038647	True	False	True	False	False	True	False	True
DLST	DLST	chr14	74881915	+	False	False	False	0.7236180904522613	1.0903003246753247	True	False	True	False	False	True	False	True
KIF5B	KIF5B	chr10	32056424	-	False	False	False	0.7788944723618091	0.994005994005994	True	False	True	False	False	True	False	True
NUMB	NUMB	chr14	73458545	-	False	False	False	0.6482412060301508	0.737037037037037	True	False	True	False	False	True	False	True
C5orf24	C5ORF24	chr5	134845967	+	False	False	False	0.7286432160804021	1.1831607211354047	True	False	True	False	False	True	False	True
PNN	PNN	chr14	39175253	+	False	False	False	0.6030150753768844	0.9567307692307693	True	False	True	False	False	True	False	True
PPP1R35	PPP1R35	chr7	100436496	-	False	False	False	0.678391959798995	0.7688636363636364	True	False	True	False	False	True	False	True
DNAAF2	DNAAF2	chr14	49635243	-	False	False	False	0.5778894472361809	0.7425373134328358	True	False	True	False	False	True	False	True
MYO1E	MYO1E	chr15	59372870	-	False	False	False	0.592964824120603	0.8735733099209834	True	False	True	False	False	True	False	True
PRPSAP1	PRPSAP1	chr17	76353915	-	False	False	False	0.7085427135678392	0.8076298701298701	True	False	True	False	False	True	False	True
RPL9	RPL9	chr4	39458921	-	False	False	False	0.542713567839196	1.0934065934065933	False	False	False	False	False	False	False	False
RPS13	RPS13	chr11	17077666	-	False	False	False	0.6532663316582915	0.8608507570295602	True	False	True	False	False	True	False	True
EP400	EP400	chr12	131949941	+	False	False	False	0.7939698492462312	1.1569767441860466	True	False	True	False	False	True	False	True
SDR42E1	SDR42E1	chr16	82011469	-	False	False	False	0.6633165829145728	0.506712962962963	False	False	False	False	False	False	False	False
C1R	C1R	chr12	7092444	-	False	False	False	0.5879396984924623	0.4094650205761317	False	False	False	False	False	False	False	False
RRAS	RRAS	chr19	49640142	-	False	False	False	0.7286432160804021	0.7953939855348306	True	False	True	False	False	True	False	True
GNB2	GNB2	chr7	100673739	+	False	False	False	0.7487437185929648	0.8608507570295602	True	False	True	False	False	True	False	True
ZDHHC6	ZDHHC6	chr10	112446913	-	False	False	False	0.6532663316582915	0.6217255467435713	False	False	False	False	False	False	False	False
CSNK2A1	CSNK2A1	chr20	543789	-	False	False	False	0.6884422110552764	0.764404609475032	True	False	True	False	False	True	False	True
SLC1A5	SLC1A5	chr19	46788593	-	False	False	False	0.6884422110552764	0.8768552875695733	True	False	True	False	False	True	False	True
PKN2	PKN2	chr1	88684272	+	False	False	False	0.7035175879396985	0.9674487423377721	True	False	True	False	False	True	False	True
OAS3	OAS3	chr12	112938473	+	False	False	False	0.6884422110552764	0.892948717948718	True	False	True	False	False	True	False	True
RPS3A	RPS3A	chr4	151099627	+	False	False	False	0.5879396984924623	1.1055555555555556	True	False	True	False	False	True	False	True
EMC4	EMC4	chr15	34225015	+	False	False	False	0.5326633165829145	0.850124599501602	False	False	False	False	False	False	False	False
BDH2	BDH2	chr4	103099833	-	False	False	False	0.4221105527638191	0.5653409090909091	False	False	False	False	False	False	False	False
SRRT	SRRT	chr7	100875102	+	False	False	False	0.6733668341708543	1.0793220338983052	True	False	True	False	False	True	False	True
PHTF2	PHTF2	chr7	77798772	+	False	False	False	0.6984924623115578	0.7065580618212197	True	False	True	False	False	True	False	True
GOLGB1	GOLGB1	chr3	121749740	-	False	False	False	0.6180904522613065	0.7509433962264151	True	False	True	False	False	True	False	True
RNASEL	RNASEL	chr1	182589255	-	False	False	False	0.5678391959798995	0.3117167919799499	False	False	False	False	False	False	False	False
PHF5A	PHF5A	chr22	41468691	-	False	False	False	0.5276381909547738	0.7731157731157731	False	False	False	False	False	False	False	False
ZNF574	ZNF574	chr19	42076165	+	False	False	False	0.7336683417085427	1.0815217391304348	True	False	True	False	False	True	False	True
HIGD2A	HIGD2A	chr5	176388750	+	False	False	False	0.5728643216080402	0.8671023965141612	True	False	True	False	False	True	False	True
GPN1	GPN1	chr2	27629049	+	False	False	False	0.628140703517588	0.7339304531085353	True	False	True	False	False	True	False	True
AP1G1	AP1G1	chr16	71808833	-	False	False	False	0.6030150753768844	0.7741039177549319	True	False	True	False	False	True	False	True
EIF2AK1	EIF2AK1	chr7	6059174	-	False	True	False	0.6934673366834171	0.9100609756097561	True	False	True	False	True	True	False	True
TTLL3	TTLL3	chr3	9810261	+	False	False	False	0.7738693467336684	0.767531556802244	True	False	True	False	False	True	False	True
YTHDF2	YTHDF2	chr1	28736939	+	False	False	False	0.7185929648241206	1.1705882352941177	True	False	True	False	False	True	False	True
BCAS2	BCAS2	chr1	114581614	-	False	False	False	0.5125628140703518	0.9629032258064516	False	False	False	False	False	False	False	False
HIC1	HIC1	chr17	2055102	+	False	False	False	0.7738693467336684	0.9792974715764466	True	False	True	False	False	True	False	True
ADPRM	ADPRM	chr17	10697593	+	False	False	False	0.6482412060301508	0.9571909571909571	True	False	True	False	False	True	False	True
ACTL6A	ACTL6A	chr3	179562925	+	False	False	False	0.628140703517588	0.6633333333333333	True	False	True	False	False	True	False	True
LRRC47	LRRC47	chr1	3796497	-	False	False	False	0.7135678391959799	0.7760673234811166	True	False	True	False	False	True	False	True
CREM	CREM	chr10	35126845	+	False	False	False	0.678391959798995	0.6555294117647059	True	False	True	False	False	True	False	True
AARS1	AARS1	chr16	70289505	-	False	False	False	0.6733668341708543	1.0220102714600148	True	False	True	False	False	True	False	True
PERP	PERP	chr6	138107418	-	False	True	False	0.7638190954773869	1.1471806881642947	True	False	True	False	True	True	False	True
EIF3K	EIF3K	chr19	38619187	+	False	False	False	0.6030150753768844	0.8846901917199222	True	False	True	False	False	True	False	True
MPC1	MPC1	chr6	166382939	-	False	False	False	0.7386934673366834	1.0473684210526315	True	False	True	False	False	True	False	True
DAAM1	DAAM1	chr14	59188666	+	False	False	False	0.592964824120603	0.6877880184331797	True	False	True	False	False	True	False	True
PSMC1	PSMC1	chr14	90256552	+	False	False	False	0.6080402010050251	0.820054945054945	True	False	True	False	False	True	False	True
NUSAP1	NUSAP1	chr15	41332880	+	False	False	False	0.4824120603015075	1.1228298611111112	False	False	False	False	False	False	False	False
ANAPC7	ANAPC7	chr12	110403707	-	False	True	False	0.5879396984924623	0.9320843091334895	True	False	True	False	True	True	False	True
MTFR1L	MTFR1L	chr1	25819953	+	False	False	False	0.7085427135678392	0.7945874001774623	True	False	True	False	False	True	False	True
CBLL1	CBLL1	chr7	107744141	+	False	False	False	0.6733668341708543	0.7536199599019826	True	False	True	False	False	True	False	True
NOL6	NOL6	chr9	33473923	-	False	False	False	0.5879396984924623	0.5628535512256443	False	False	False	False	False	False	False	False
AEN	AEN	chr15	88621339	+	False	False	False	0.7135678391959799	0.8986042692939245	True	False	True	False	False	True	False	True
IL7	IL7	chr8	78805462	-	False	False	False	0.5226130653266332	0.924506387921022	False	False	False	False	False	False	False	False
ETV6	ETV6	chr12	11649673	+	False	False	False	0.49748743718592964	0.5784883720930233	False	False	False	False	False	False	False	False
ITPRIPL2	ITPRIPL2	chr16	19113963	+	False	False	False	0.7286432160804021	0.8348588863463006	True	False	True	False	False	True	False	True
TDP2	TDP2	chr6	24666898	-	False	False	False	0.6834170854271356	0.8793023255813953	True	False	True	False	False	True	False	True
CNOT10	CNOT10	chr3	32685187	+	False	False	False	0.7286432160804021	0.9875930521091811	True	False	True	False	False	True	False	True
SEPTIN1	SEPTIN1	chr16	30382560	-	False	False	True	0.6432160804020101	0.24507389162561577	False	False	False	False	False	False	False	False
MED31	MED31	chr17	6651604	-	False	False	False	0.6582914572864321	0.7990080302314596	True	False	True	False	False	True	False	True
SLC15A4	SLC15A4	chr12	128823957	-	False	False	False	0.8090452261306532	1.017986798679868	True	False	True	False	False	True	False	True
MOV10	MOV10	chr1	112674658	+	False	False	False	0.5879396984924623	0.5743145743145743	False	False	False	False	False	False	False	False
GOSR2	GOSR2	chr17	46923159	+	False	False	False	0.7286432160804021	0.8504273504273504	True	False	True	False	False	True	False	True
GSTZ1	GSTZ1	chr14	77321035	+	False	False	False	0.6482412060301508	0.8191283292978209	True	False	True	False	False	True	False	True
TFE3	TFE3	chrX	49043356	-	False	False	False	0.7135678391959799	0.8677325581395349	True	False	True	False	False	True	False	True
ZNF131	ZNF131	chr5	43120913	+	False	False	False	0.7537688442211056	1.0706599713055953	True	False	True	False	False	True	False	True
TATDN1	TATDN1	chr8	124539084	-	False	True	False	0.6633165829145728	0.9629032258064516	True	False	True	False	True	True	False	True
ENSG00000282988	ENSG00000282988	chr6	26199292	-	False	True	False	0.39195979899497485	1.1806196440342782	False	False	False	False	True	False	False	False
BAP1	BAP1	chr3	52410007	-	False	False	False	0.7537688442211056	0.8759808612440192	True	False	True	False	False	True	False	True
PLSCR1	PLSCR1	chr3	146544606	-	False	True	False	0.6030150753768844	0.8933782267115601	True	False	True	False	True	True	False	True
HSPE1	HSPE1	chr2	197500378	+	False	False	False	0.7035175879396985	0.9160912324754132	True	False	True	False	False	True	False	True
IL27	IL27	chr16	28506833	-	False	False	False	0.5979899497487438	0.3503521126760563	False	False	False	False	False	False	False	False
TOMM40	TOMM40	chr19	44891253	+	False	False	False	0.7386934673366834	0.9754901960784313	True	False	True	False	False	True	False	True
GOLGA4	GOLGA4	chr3	37243270	+	False	False	False	0.6934673366834171	0.9621610258566323	True	False	True	False	False	True	False	True
SPRYD7	SPRYD7	chr13	49936339	-	False	False	False	0.6934673366834171	0.8366617616144629	True	False	True	False	False	True	False	True
NDC80	NDC80	chr18	2571556	+	False	False	False	0.5879396984924623	1.3541420118343195	True	False	True	False	False	True	False	True
HERC6	HERC6	chr4	88378851	+	False	False	False	0.6381909547738693	0.8625701172870984	True	False	True	False	False	True	False	True
ECD	ECD	chr10	73168007	-	False	False	False	0.6180904522613065	0.9486228813559322	True	False	True	False	False	True	False	True
PUS3	PUS3	chr11	125903205	-	False	False	False	0.5678391959798995	0.7509433962264151	True	False	True	False	False	True	False	True
RDM1	RDM1	chr17	35930772	-	False	False	False	0.6331658291457286	0.9212962962962963	True	False	True	False	False	True	False	True
ENSG00000272772	ENSG00000272772	chr5	134225860	-	False	False	False	0.6834170854271356	1.009919261822376	True	False	True	False	False	True	False	True
RFXANK	RFXANK	chr19	19192257	+	False	True	False	0.7035175879396985	0.7020128657397801	True	False	True	False	True	True	False	True
SYNE3	SYNE3	chr14	95516649	-	False	False	False	0.8291457286432161	0.7649319929036074	True	False	True	False	False	True	False	True
CDC25A	CDC25A	chr3	48188416	-	False	False	False	0.6130653266331658	0.6774468085106383	True	False	True	False	False	True	False	True
SUB1	SUB1	chr5	32585556	+	False	False	False	0.6633165829145728	0.9138920780711826	True	False	True	False	False	True	False	True
SFXN4	SFXN4	chr10	119165713	-	False	False	False	0.7587939698492462	1.019971721456345	True	False	True	False	False	True	False	True
ZNF76	ZNF76	chr6	35259734	+	False	False	False	0.7236180904522613	1.1140369064897366	True	False	True	False	False	True	False	True
CTSA	CTSA	chr20	45891334	+	False	False	False	0.6884422110552764	0.8183982683982683	True	False	True	False	False	True	False	True
COQ9	COQ9	chr16	57447478	+	False	False	False	0.7135678391959799	1.0667063728409767	True	False	True	False	False	True	False	True
IZUMO4	IZUMO4	chr19	2096914	+	False	False	False	0.7537688442211056	0.8316869300911854	True	False	True	False	False	True	False	True
ENSG00000289491	ENSG00000289491	chr16	30610350	-	False	False	False	0.5728643216080402	1.052910052910053	True	False	True	False	False	True	False	True
SAE1	SAE1	chr19	47130834	+	False	False	False	0.7035175879396985	1.1141257536606375	True	False	True	False	False	True	False	True
TRIP11	TRIP11	chr14	92040058	-	False	False	False	0.6432160804020101	1.1663003663003664	True	False	True	False	False	True	False	True
ARL2	ARL2	chr11	65014159	+	False	False	False	0.6633165829145728	1.0456173871507046	True	False	True	False	False	True	False	True
EIF5B	EIF5B	chr2	99337388	+	False	False	False	0.6532663316582915	1.0423809523809524	True	False	True	False	False	True	False	True
TAF1C	TAF1C	chr16	84187056	-	False	False	False	0.6834170854271356	0.6461038961038961	False	False	False	False	False	False	False	False
RRP9	RRP9	chr3	51941903	-	False	False	False	0.7085427135678392	0.8106775300171527	True	False	True	False	False	True	False	True
ENSG00000144785	ENSG00000144785	chr12	56316043	-	False	False	False	0.6733668341708543	0.8807360819939436	True	False	True	False	False	True	False	True
GBP2	GBP2	chr1	89126113	-	False	True	False	0.4371859296482412	0.31587301587301586	False	False	False	False	True	False	False	False
CD80	CD80	chr3	119559613	-	False	True	False	0.44221105527638194	0.3090062111801242	False	False	False	False	True	False	False	False
TBCK	TBCK	chr4	106316208	-	False	False	False	0.6130653266331658	0.7699404761904762	True	False	True	False	False	True	False	True
MIF	MIF	chr22	23894382	+	False	False	False	0.7286432160804021	0.9923283467587265	True	False	True	False	False	True	False	True
ZNF799	ZNF799	chr19	12401270	-	False	False	False	0.6231155778894473	0.8821382007822686	True	False	True	False	False	True	False	True
STC2	STC2	chr5	173328413	-	False	False	False	0.6331658291457286	0.8024193548387096	True	False	True	False	False	True	False	True
DHDDS	DHDDS	chr1	26432320	+	False	False	False	0.6432160804020101	0.760122230710466	True	False	True	False	False	True	False	True
PLD6	PLD6	chr17	17206332	-	False	False	False	0.7688442211055276	0.8933782267115601	True	False	True	False	False	True	False	True
MPZL1	MPZL1	chr1	167721981	+	False	False	False	0.678391959798995	0.8361344537815126	True	False	True	False	False	True	False	True
MRM1	MRM1	chr17	36601582	+	False	False	False	0.678391959798995	0.7734339277549154	True	False	True	False	False	True	False	True
ARFRP1	ARFRP1	chr20	63707975	-	False	True	False	0.7688442211055276	1.1051718153418952	True	False	True	False	True	True	False	True
SMTN	SMTN	chr22	31081317	+	False	False	False	0.7185929648241206	0.8986042692939245	True	False	True	False	False	True	False	True
CCDC171	CCDC171	chr9	15553042	+	False	False	False	0.6080402010050251	0.6247146118721462	False	False	False	False	False	False	False	False
DENND4C	DENND4C	chr9	19230692	+	False	False	False	0.7738693467336684	0.9455285932462243	True	False	True	False	False	True	False	True
SKA1	SKA1	chr18	50375045	+	False	False	False	0.6633165829145728	0.9189563611175248	True	False	True	False	False	True	False	True
PNO1	PNO1	chr2	68157887	+	False	False	False	0.6331658291457286	0.6624839948783611	True	False	True	False	False	True	False	True
RBM4	RBM4	chr11	66638702	+	False	False	False	0.5728643216080402	0.8617383235385091	True	False	True	False	False	True	False	True
KRBOX5	KRBOX5	chr16	31713243	+	False	False	False	0.6231155778894473	0.6414182111200645	False	False	False	False	False	False	False	False
ADAM10	ADAM10	chr15	58749706	-	False	False	False	0.6432160804020101	0.6533515731874145	True	False	True	False	False	True	False	True
CYBC1	CYBC1	chr17	82450751	-	False	False	False	0.7738693467336684	1.1229480164158687	True	False	True	False	False	True	False	True
GAD1	GAD1	chr2	170816886	+	False	False	False	0.6884422110552764	1.0378096479791394	True	False	True	False	False	True	False	True
E2F4	E2F4	chr16	67192154	+	False	False	False	0.7386934673366834	0.94834159359512	True	False	True	False	False	True	False	True
UBP1	UBP1	chr3	33440404	-	False	False	False	0.7839195979899497	1.2390566037735848	True	False	True	False	False	True	False	True
CCDC43	CCDC43	chr17	44689775	-	False	False	False	0.7085427135678392	0.805668016194332	True	False	True	False	False	True	False	True
MAN2A1	MAN2A1	chr5	109689926	+	False	False	False	0.7336683417085427	0.8215425032839182	True	False	True	False	False	True	False	True
L3MBTL2	L3MBTL2	chr22	41205311	+	False	False	False	0.6231155778894473	0.8504273504273504	True	False	True	False	False	True	False	True
MPPE1	MPPE1	chr18	11908316	-	False	False	False	0.7336683417085427	0.8240165631469979	True	False	True	False	False	True	False	True
NSL1	NSL1	chr1	212791776	-	False	False	False	0.6130653266331658	0.642453591606134	False	False	False	False	False	False	False	False
ENSA	ENSA	chr1	150629611	-	False	False	False	0.592964824120603	0.7608823529411765	True	False	True	False	False	True	False	True
FTH1	FTH1	chr11	61967633	-	False	False	False	0.7185929648241206	1.051056338028169	True	False	True	False	False	True	False	True
CALM3	CALM3	chr19	46601329	+	False	False	False	0.8090452261306532	1.1165016501650165	True	False	True	False	False	True	False	True
CTLA4	CTLA4	chr2	203867770	+	False	False	False	0.40703517587939697	0.4853658536585366	False	False	False	False	False	False	False	False
MXD1	MXD1	chr2	69915108	+	False	False	False	0.6733668341708543	0.6256456321580957	False	False	False	False	False	False	False	False
WDR46	WDR46	chr6	33289238	-	False	False	False	0.592964824120603	0.6438235294117647	False	False	False	False	False	False	False	False
ENSG00000267140	ENSG00000267140	chr18	35497939	-	False	False	False	0.5728643216080402	0.7497645211930927	True	False	True	False	False	True	False	True
GNG2	GNG2	chr14	51860611	+	False	False	False	0.5879396984924623	0.5298816568047338	False	False	False	False	False	False	False	False
TOP3B	TOP3B	chr22	21982786	-	False	False	False	0.7185929648241206	1.0302668259657506	True	False	True	False	False	True	False	True
ATL2	ATL2	chr2	38377272	-	False	True	False	0.6984924623115578	1.1436781609195403	True	False	True	False	True	True	False	True
WDR75	WDR75	chr2	189441473	+	False	False	False	0.5879396984924623	0.6879321181646763	True	False	True	False	False	True	False	True
ZMYM4	ZMYM4	chr1	35268708	+	False	False	False	0.6080402010050251	0.7150359314538419	True	False	True	False	False	True	False	True
KPNA4	KPNA4	chr3	160565570	-	False	True	False	0.7085427135678392	0.8428801936264623	True	False	True	False	True	True	False	True
OGG1	OGG1	chr3	9749951	+	False	False	False	0.6180904522613065	0.5264550264550265	False	False	False	False	False	False	False	False
BNIP3L	BNIP3L	chr8	26383053	+	False	False	False	0.6733668341708543	0.8126134301270418	True	False	True	False	False	True	False	True
PPP2R1A	PPP2R1A	chr19	52190051	+	False	False	False	0.678391959798995	0.8844444444444445	True	False	True	False	False	True	False	True
RIBC2	RIBC2	chr22	45413692	+	False	False	False	0.6080402010050251	1.3200663349917081	True	False	True	False	False	True	False	True
MRPL53	MRPL53	chr2	74472679	-	False	False	False	0.6180904522613065	0.9486228813559322	True	False	True	False	False	True	False	True
ZNF620	ZNF620	chr3	40506038	+	False	False	False	0.6381909547738693	1.0010060362173039	True	False	True	False	False	True	False	True
MCPH1	MCPH1	chr8	6406626	+	False	False	False	0.7035175879396985	1.0205128205128204	True	False	True	False	False	True	False	True
PPIL4	PPIL4	chr6	149546042	-	False	False	False	0.678391959798995	1.2824444444444445	True	False	True	False	False	True	False	True
XCL1	XCL1	chr1	168576604	+	False	False	True	0.5376884422110553	0.15366795366795366	False	False	False	False	False	False	False	False
ALKBH3	ALKBH3	chr11	43880830	+	False	False	False	0.6582914572864321	0.9002380952380953	True	False	True	False	False	True	False	True
TAB3	TAB3	chrX	30889253	-	False	True	False	0.7587939698492462	1.039940276222471	True	False	True	False	True	True	False	True
SNRPD3	SNRPD3	chr22	24555998	+	False	False	False	0.6231155778894473	0.989776181265543	True	False	True	False	False	True	False	True
NDUFAF4	NDUFAF4	chr6	96897890	-	False	False	True	0.6432160804020101	0.8798820928518791	True	False	True	False	False	True	False	True
SEC63	SEC63	chr6	107958207	-	False	False	False	0.7236180904522613	1.0976506639427988	True	False	True	False	False	True	False	True
USP45	USP45	chr6	99515422	-	False	False	False	0.7336683417085427	1.0553030303030304	True	False	True	False	False	True	False	True
RALA	RALA	chr7	39623571	+	False	False	False	0.6834170854271356	0.5090697674418605	False	False	False	False	False	False	False	False
CDK2AP2	CDK2AP2	chr11	67508161	-	False	False	False	0.6834170854271356	0.908675799086758	True	False	True	False	False	True	False	True
ARFGAP3	ARFGAP3	chr22	42857272	-	False	False	False	0.7437185929648241	1.0267182605491063	True	False	True	False	False	True	False	True
NAGLU	NAGLU	chr17	42536240	+	False	False	False	0.7738693467336684	0.8122448979591836	True	False	True	False	False	True	False	True
MYH7B	MYH7B	chr20	34955867	+	False	True	False	0.6834170854271356	0.7917771883289124	True	False	True	False	True	True	False	True
TSPAN15	TSPAN15	chr10	69451464	+	False	False	False	0.7587939698492462	0.6640323147172462	True	False	True	False	False	True	False	True
TUT1	TUT1	chr11	62591522	-	False	False	False	0.5879396984924623	1.3010585305105853	True	False	True	False	False	True	False	True
THAP8	THAP8	chr19	36054284	-	False	False	False	0.6834170854271356	0.9519460752337464	True	False	True	False	False	True	False	True
NDUFB8	NDUFB8	chr10	100529870	-	False	False	False	0.6381909547738693	0.7936191425722832	True	False	True	False	False	True	False	True
ENSG00000286235	ENSG00000286235	chr20	5950948	+	False	False	False	0.5829145728643216	0.6096813725490197	False	False	False	False	False	False	False	False
CSF1	CSF1	chr1	109910848	+	False	False	False	0.6482412060301508	0.574867597496389	False	False	False	False	False	False	False	False
NUFIP1	NUFIP1	chr13	44989470	-	False	False	False	0.5728643216080402	0.923291060934117	True	False	True	False	False	True	False	True
COG5	COG5	chr7	107563919	-	False	False	False	0.6884422110552764	0.7322510822510823	True	False	True	False	False	True	False	True
RPS25	RPS25	chr11	119018342	-	False	False	False	0.592964824120603	0.9743663594470046	True	False	True	False	False	True	False	True
RPS7	RPS7	chr2	3575259	+	False	False	False	0.6030150753768844	1.069287330316742	True	False	True	False	False	True	False	True
OPTN	OPTN	chr10	13100162	+	False	False	False	0.7688442211055276	0.8203366540707661	True	False	True	False	False	True	False	True
ZNF561	ZNF561	chr19	9621231	-	False	False	False	0.6331658291457286	0.8024193548387096	True	False	True	False	False	True	False	True
ACAD10	ACAD10	chr12	111686052	+	False	False	False	0.6482412060301508	1.007473481195757	True	False	True	False	False	True	False	True
HIKESHI	HIKESHI	chr11	86302239	+	False	False	False	0.5829145728643216	0.4326086956521739	False	False	False	False	False	False	False	False
RCN2	RCN2	chr15	76931748	+	False	False	False	0.7587939698492462	1.0698924731182795	True	False	True	False	False	True	False	True
HSPA5	HSPA5	chr9	125241342	-	True	False	False	0.6231155778894473	0.9406512605042017	True	False	False	True	False	True	False	False
VRK1	VRK1	chr14	96797381	+	False	False	False	0.6934673366834171	1.1765202702702702	True	False	True	False	False	True	False	True
GTF2H3	GTF2H3	chr12	123633828	+	False	False	False	0.6633165829145728	0.8270607250057723	True	False	True	False	False	True	False	True
SLAMF7	SLAMF7	chr1	160739246	+	False	False	False	0.45226130653266333	0.20010055304172952	False	False	False	False	False	False	False	False
DNAJC28	DNAJC28	chr21	33491715	-	False	False	False	0.6482412060301508	0.8623013962445836	True	False	True	False	False	True	False	True
RBBP5	RBBP5	chr1	205121977	-	False	False	False	0.6231155778894473	0.9519000797236248	True	False	True	False	False	True	False	True
SEC24D	SEC24D	chr4	118836125	-	False	False	False	0.7587939698492462	1.005050505050505	True	False	True	False	False	True	False	True
UBE2G2	UBE2G2	chr21	44801819	-	False	False	False	0.7587939698492462	1.0880070546737213	True	False	True	False	False	True	False	True
SCFD2	SCFD2	chr4	53366060	-	False	False	False	0.5778894472361809	0.9404536862003781	True	False	True	False	False	True	False	True
XPO1	XPO1	chr2	61538355	-	False	False	False	0.6130653266331658	0.824357912178956	True	False	True	False	False	True	False	True
DENND1C	DENND1C	chr19	6481786	-	False	False	False	0.6582914572864321	0.2783216783216783	False	False	False	False	False	False	False	False
CDC25C	CDC25C	chr5	138331803	-	False	False	False	0.5778894472361809	0.9404536862003781	True	False	True	False	False	True	False	True
ODAD3	ODAD3	chr19	11435120	-	False	False	False	0.5979899497487438	0.6749576031656302	True	False	True	False	False	True	False	True
GPR87	GPR87	chr3	151316819	-	False	False	False	0.4623115577889447	0.2842857142857143	False	False	False	False	False	False	False	False
MPHOSPH8	MPHOSPH8	chr13	19633658	+	False	False	False	0.6130653266331658	1.0991438829052749	True	False	True	False	False	True	False	True
XPOT	XPOT	chr12	64404391	+	False	False	False	0.7989949748743719	1.1020569620253164	True	False	True	False	False	True	False	True
RECQL	RECQL	chr12	21501634	-	False	False	False	0.5628140703517588	0.9311497326203209	True	False	True	False	False	True	False	True
TMEM19	TMEM19	chr12	71686081	+	False	False	False	0.6884422110552764	0.7322510822510823	True	False	True	False	False	True	False	True
FRMD4B	FRMD4B	chr3	69386087	-	False	False	False	0.7185929648241206	0.7592369477911647	True	False	True	False	False	True	False	True
KIF4A	KIF4A	chrX	70290103	+	False	False	False	0.6231155778894473	0.9476190476190476	True	False	True	False	False	True	False	True
FMNL1	FMNL1	chr17	45221884	+	False	False	False	0.7638190954773869	0.8797524314765695	True	False	True	False	False	True	False	True
ALKBH5	ALKBH5	chr17	18183827	+	False	False	True	0.7638190954773869	1.2193627450980393	True	False	True	False	False	True	False	True
ENSG00000290315	ENSG00000290315	chr3	49094070	-	False	False	False	0.592964824120603	0.9277389277389277	True	False	True	False	False	True	False	True
RCAN2	RCAN2	chr6	46491448	-	False	False	False	0.7135678391959799	0.7652297105849019	True	False	True	False	False	True	False	True
SLC7A6OS	SLC7A6OS	chr16	68310945	-	False	False	False	0.6834170854271356	0.8674803836094158	True	False	True	False	False	True	False	True
INCA1	INCA1	chr17	4997521	-	False	False	False	0.7236180904522613	1.031704885343968	True	False	True	False	False	True	False	True
MRPS25	MRPS25	chr3	15065314	-	False	False	False	0.7085427135678392	1.1224818694601129	True	False	True	False	False	True	False	True
ASB1	ASB1	chr2	238426926	+	False	False	False	0.7537688442211056	1.063034188034188	True	False	True	False	False	True	False	True
UTP20	UTP20	chr12	101280104	+	False	False	False	0.6331658291457286	0.724012474012474	True	False	True	False	False	True	False	True
EIF3M	EIF3M	chr11	32583830	+	False	False	False	0.6582914572864321	0.9741258741258741	True	False	True	False	False	True	False	True
CHAF1A	CHAF1A	chr19	4402639	+	False	False	False	0.7889447236180904	1.132520325203252	True	False	True	False	False	True	False	True
NIPBL	NIPBL	chr5	36876768	+	False	False	False	0.6532663316582915	0.7125805681546908	True	False	True	False	False	True	False	True
HECA	HECA	chr6	139135079	+	False	False	False	0.7386934673366834	1.0683080340614588	True	False	True	False	False	True	False	True
ANKIB1	ANKIB1	chr7	92245973	+	False	False	False	0.6231155778894473	0.7255208333333333	True	False	True	False	False	True	False	True
PPRC1	PPRC1	chr10	102133039	+	False	False	False	0.6884422110552764	0.9906926406926407	True	False	True	False	False	True	False	True
WDSUB1	WDSUB1	chr2	159286702	-	False	False	False	0.7738693467336684	0.8077118214104515	True	False	True	False	False	True	False	True
EML2	EML2	chr19	45639396	-	False	False	False	0.7437185929648241	0.6924908424908425	True	False	True	False	False	True	False	True
PM20D2	PM20D2	chr6	89146054	+	False	False	False	0.7989949748743719	0.9164473684210527	True	False	True	False	False	True	False	True
PDCD5	PDCD5	chr19	32581189	+	False	False	False	0.7537688442211056	1.0085067873303168	True	False	True	False	False	True	False	True
SAMHD1	SAMHD1	chr20	36951707	-	False	False	True	0.6733668341708543	0.7099219620958751	True	False	True	False	False	True	False	True
SAYSD1	SAYSD1	chr6	39115185	-	False	False	False	0.7085427135678392	1.163977410246067	True	False	True	False	False	True	False	True
TCHP	TCHP	chr12	109900273	+	False	False	False	0.6381909547738693	1.0874316939890711	True	False	True	False	False	True	False	True
RING1	RING1	chr6	33208499	+	False	False	False	0.7537688442211056	1.016602809706258	True	False	True	False	False	True	False	True
BOP1	BOP1	chr8	144291437	-	False	False	False	0.8140703517587939	0.9711758426109501	True	False	True	False	False	True	False	True
CCDC59	CCDC59	chr12	82358386	-	False	False	False	0.5829145728643216	1.2165379665379665	True	False	True	False	False	True	False	True
TMED10	TMED10	chr14	75176611	-	False	False	False	0.5979899497487438	0.8432203389830508	True	False	True	False	False	True	False	True
MTX3	MTX3	chr5	79991261	-	False	False	False	0.5979899497487438	0.7349431818181819	True	False	True	False	False	True	False	True
SFXN2	SFXN2	chr10	102714635	+	False	False	False	0.6683417085427136	0.49840619307832423	False	False	False	False	False	False	False	False
BAZ1A	BAZ1A	chr14	34875359	-	False	False	False	0.5527638190954773	0.7296666666666667	True	False	True	False	False	True	False	True
PCYT1A	PCYT1A	chr3	196287725	-	False	False	False	0.628140703517588	0.870560988162635	True	False	True	False	False	True	False	True
TBXAS1	TBXAS1	chr7	139829263	+	False	False	False	0.507537688442211	0.2369047619047619	False	False	False	False	False	False	False	False
DIDO1	DIDO1	chr20	62926504	-	False	False	False	0.7688442211055276	1.0904109589041096	True	False	True	False	False	True	False	True
OTUD7B	OTUD7B	chr1	150010725	-	False	False	False	0.7085427135678392	0.7268668831168831	True	False	True	False	False	True	False	True
PIGU	PIGU	chr20	34677091	-	False	False	False	0.7185929648241206	0.9812623274161736	True	False	True	False	False	True	False	True
PLEKHA3	PLEKHA3	chr2	178480456	+	False	False	False	0.7085427135678392	0.9691558441558441	True	False	True	False	False	True	False	True
YIPF6	YIPF6	chrX	68499050	+	False	False	False	0.6683417085427136	0.8691954022988506	True	False	True	False	False	True	False	True
MYO1F	MYO1F	chr19	8577441	-	False	False	False	0.6432160804020101	0.3659049120042028	False	False	False	False	False	False	False	False
DOK2	DOK2	chr8	21913689	-	False	False	False	0.5276381909547738	0.46897093479968577	False	False	False	False	False	False	False	False
ANKRD16	ANKRD16	chr10	5889892	-	False	False	False	0.7839195979899497	0.7602990033222591	True	False	True	False	False	True	False	True
PSMD4	PSMD4	chr1	151254733	+	False	False	False	0.6080402010050251	0.7467166979362101	True	False	True	False	False	True	False	True
ZNF721	ZNF721	chr4	499155	-	False	False	False	0.7185929648241206	1.2988528481012658	True	False	True	False	False	True	False	True
NR2C1	NR2C1	chr12	95073617	-	False	False	False	0.6432160804020101	0.8614718614718615	True	False	True	False	False	True	False	True
MRPS22	MRPS22	chr3	139344019	+	False	False	False	0.5678391959798995	0.7509433962264151	True	False	True	False	False	True	False	True
ZNF500	ZNF500	chr16	4767161	-	False	False	False	0.7085427135678392	0.7943277310924369	True	False	True	False	False	True	False	True
TNFRSF1B	TNFRSF1B	chr1	12166990	+	False	False	False	0.7839195979899497	0.8375420875420876	True	False	True	False	False	True	False	True
CORO7	CORO7	chr16	4416595	-	False	False	False	0.7537688442211056	1.0123546511627908	True	False	True	False	False	True	False	True
ZSWIM9	ZSWIM9	chr19	48170679	+	False	False	False	0.7386934673366834	0.8342894969108562	True	False	True	False	False	True	False	True
PTRHD1	PTRHD1	chr2	24793390	-	False	False	False	0.628140703517588	0.866547131147541	True	False	True	False	False	True	False	True
HMGN1	HMGN1	chr21	39349087	-	False	False	False	0.7788944723618091	0.7982211370770841	True	False	True	False	False	True	False	True
CEPT1	CEPT1	chr1	111140222	+	False	False	False	0.6482412060301508	1.1114618746964546	True	False	True	False	False	True	False	True
MGME1	MGME1	chr20	17969017	+	False	False	False	0.6432160804020101	1.139975093399751	True	False	True	False	False	True	False	True
ATL3	ATL3	chr11	63671375	-	False	False	False	0.6532663316582915	0.678849902534113	True	False	True	False	False	True	False	True
NFKB2	NFKB2	chr10	102395704	+	False	False	False	0.6834170854271356	0.7803921568627451	True	False	True	False	False	True	False	True
COX8A	COX8A	chr11	63974619	+	False	False	False	0.6080402010050251	0.7624521072796935	True	False	True	False	False	True	False	True
WDR59	WDR59	chr16	74985122	-	False	False	False	0.7035175879396985	0.8033191298497421	True	False	True	False	False	True	False	True
ZNF451	ZNF451	chr6	57090187	+	False	False	False	0.6984924623115578	1.0641711229946524	True	False	True	False	False	True	False	True
SAMD3	SAMD3	chr6	130222950	-	False	True	False	0.4472361809045226	0.10205128205128206	False	False	False	False	True	False	False	False
RBM12	RBM12	chr20	35664899	-	False	True	False	0.7286432160804021	1.113233024691358	True	False	True	False	True	True	False	True
PRKACB	PRKACB	chr1	84144270	+	False	False	False	0.3768844221105528	0.0	False	False	False	False	False	False	False	False
NFAT5	NFAT5	chr16	69565965	+	False	False	False	0.7437185929648241	0.899943470887507	True	False	True	False	False	True	False	True
ENO1	ENO1	chr1	8878685	-	False	False	True	0.6834170854271356	0.9677276746242264	True	False	True	False	False	True	False	True
HFE	HFE	chr6	26087428	+	False	False	False	0.6381909547738693	0.7406947890818859	True	False	True	False	False	True	False	True
ETNK1	ETNK1	chr12	22625170	+	False	False	False	0.7035175879396985	0.946443341604632	True	False	True	False	False	True	False	True
FBXO36	FBXO36	chr2	229922502	+	False	False	False	0.5678391959798995	0.6949206349206349	True	False	True	False	False	True	False	True
CREB1	CREB1	chr2	207529961	+	False	False	False	0.7185929648241206	0.9636803874092009	True	False	True	False	False	True	False	True
PEX6	PEX6	chr6	42979180	-	False	False	False	0.6683417085427136	0.7040094339622641	True	False	True	False	False	True	False	True
CLSPN	CLSPN	chr1	35769977	-	False	False	False	0.6582914572864321	0.5404938271604939	False	False	False	False	False	False	False	False
RACGAP1	RACGAP1	chr12	50025493	-	False	False	False	0.628140703517588	1.0153061224489797	True	False	True	False	False	True	False	True
SEM1	SEM1	chr7	96709845	-	False	False	False	0.5678391959798995	0.8844444444444445	True	False	True	False	False	True	False	True
MGA	MGA	chr15	41660404	+	False	False	False	0.6984924623115578	1.1131669535283992	True	False	True	False	False	True	False	True
TBL1XR1	TBL1XR1	chr3	177197481	-	False	False	False	0.6733668341708543	1.043445692883895	True	False	True	False	False	True	False	True
SF3A3	SF3A3	chr1	37990021	-	False	False	False	0.5979899497487438	0.8820921985815603	True	False	True	False	False	True	False	True
CHSY1	CHSY1	chr15	101252047	-	False	False	False	0.6834170854271356	1.2955729166666667	True	False	True	False	False	True	False	True
AFG2B	AFG2B	chr15	45402335	+	False	False	False	0.592964824120603	0.9743663594470046	True	False	True	False	False	True	False	True
FEM1C	FEM1C	chr5	115544774	-	False	True	False	0.7336683417085427	0.9335710264589979	True	False	True	False	True	True	False	True
CTPS2	CTPS2	chrX	16712668	-	False	False	False	0.6482412060301508	0.6845208845208846	True	False	True	False	False	True	False	True
HILPDA	HILPDA	chr7	128455877	+	False	False	False	0.6733668341708543	1.0793220338983052	True	False	True	False	False	True	False	True
MBOAT2	MBOAT2	chr2	9003683	-	False	False	False	0.8241206030150754	0.9586030407948216	True	False	True	False	False	True	False	True
INPP4A	INPP4A	chr2	98444857	+	False	False	False	0.7989949748743719	0.9583763329893361	True	False	True	False	False	True	False	True
GPR107	GPR107	chr9	130053905	+	False	False	False	0.7386934673366834	0.8504273504273504	True	False	True	False	False	True	False	True
GFI1	GFI1	chr1	92486924	-	False	False	False	0.7487437185929648	1.0043258832011537	True	False	True	False	False	True	False	True
DCUN1D3	DCUN1D3	chr16	20900357	-	False	False	False	0.7185929648241206	0.9992826398852224	True	False	True	False	False	True	False	True
CCDC69	CCDC69	chr5	151224091	-	False	True	False	0.7437185929648241	0.8018315018315019	True	False	True	False	True	True	False	True
C3orf38	C3ORF38	chr3	88149958	+	False	False	False	0.6130653266331658	0.6969288793103449	True	False	True	False	False	True	False	True
YTHDC1	YTHDC1	chr4	68350089	-	False	False	False	0.6331658291457286	1.0997368421052631	True	False	True	False	False	True	False	True
EIF6	EIF6	chr20	35284771	-	False	False	False	0.6381909547738693	0.8173603504928806	True	False	True	False	False	True	False	True
DDX5	DDX5	chr17	64506288	-	True	False	False	0.6381909547738693	1.0364583333333333	True	False	False	True	False	True	False	False
C1orf162	C1ORF162	chr1	111473983	+	False	False	False	0.40703517587939697	0.849390243902439	False	False	False	False	False	False	False	False
NDUFAF7	NDUFAF7	chr2	37231657	+	False	False	False	0.6080402010050251	0.9319559228650137	True	False	True	False	False	True	False	True
CASP8AP2	CASP8AP2	chr6	89829938	+	False	False	False	0.6432160804020101	0.621875	False	False	False	False	False	False	False	False
INTS8	INTS8	chr8	94823286	+	False	False	True	0.6733668341708543	0.9772321428571429	True	False	True	False	False	True	False	True
DNAJC30	DNAJC30	chr7	73683452	-	False	False	False	0.6180904522613065	0.7587145969498911	True	False	True	False	False	True	False	True
ZNF470	ZNF470	chr19	56567467	+	False	False	False	0.6733668341708543	0.7597125533348305	True	False	True	False	False	True	False	True
ZNF33B	ZNF33B	chr10	42638569	-	False	False	False	0.5728643216080402	0.8598765432098765	True	False	True	False	False	True	False	True
CINP	CINP	chr14	102362889	-	False	False	False	0.6331658291457286	0.9192934782608696	True	False	True	False	False	True	False	True
ESPL1	ESPL1	chr12	53268298	+	False	False	False	0.6130653266331658	1.1541010770505384	True	False	True	False	False	True	False	True
HTRA2	HTRA2	chr2	74529932	+	False	False	False	0.7035175879396985	0.8641439205955335	True	False	True	False	False	True	False	True
ZNF559	ZNF559	chr19	9324178	+	False	False	False	0.6532663316582915	1.0451181666268798	True	False	True	False	False	True	False	True
TCF20	TCF20	chr22	42270652	-	False	False	False	0.7738693467336684	1.0815217391304348	True	False	True	False	False	True	False	True
LRRC8D	LRRC8D	chr1	89821031	+	False	False	False	0.7135678391959799	0.9629032258064516	True	False	True	False	False	True	False	True
FYB1	FYB1	chr5	39219562	-	False	False	False	0.5477386934673367	0.201010101010101	False	False	False	False	False	False	False	False
TAFAZZIN	TAFAZZIN	chrX	154411538	+	False	False	False	0.7638190954773869	1.0771782783307142	True	False	True	False	False	True	False	True
USO1	USO1	chr4	75724576	+	False	False	False	0.678391959798995	0.7914273088820151	True	False	True	False	False	True	False	True
EIF4EBP1	EIF4EBP1	chr8	38030533	+	False	False	False	0.7587939698492462	0.8065585851142225	True	False	True	False	False	True	False	True
RHOD	RHOD	chr11	67056846	+	False	False	False	0.8140703517587939	0.8566645408163265	True	False	True	False	False	True	False	True
SCAND1	SCAND1	chr20	35954501	-	False	False	False	0.6984924623115578	1.0738895807388957	True	False	True	False	False	True	False	True
WDHD1	WDHD1	chr14	55027098	-	False	False	False	0.7185929648241206	0.9770227808326787	True	False	True	False	False	True	False	True
GATA3	GATA3	chr10	8054687	+	False	False	False	0.5477386934673367	0.8073022312373225	False	False	False	False	False	False	False	False
AKIRIN1	AKIRIN1	chr1	38991275	+	False	False	False	0.7487437185929648	0.7570652173913044	True	False	True	False	False	True	False	True
EPS15L1	EPS15L1	chr19	16471969	-	False	False	False	0.8090452261306532	0.8963963963963963	True	False	True	False	False	True	False	True
MZT2A	MZT2A	chr2	131492396	-	False	False	False	0.8291457286432161	0.8789217179409077	True	False	True	False	False	True	False	True
KHNYN	KHNYN	chr14	24429953	+	False	False	False	0.7135678391959799	0.6471544715447154	False	False	False	False	False	False	False	False
MRTFA	MRTFA	chr22	40636718	-	False	False	False	0.6934673366834171	0.9645943097997892	True	False	True	False	False	True	False	True
TM7SF2	TM7SF2	chr11	65111871	+	False	False	False	0.6934673366834171	0.8844444444444445	True	False	True	False	False	True	False	True
DHCR24	DHCR24	chr1	54887194	-	False	False	False	0.7788944723618091	1.0606262491672218	True	False	True	False	False	True	False	True
FBXL19	FBXL19	chr16	30923571	+	False	False	False	0.7035175879396985	0.4777911164465786	False	False	False	False	False	False	False	False
ADGRE5	ADGRE5	chr19	14381443	+	False	False	False	0.6834170854271356	0.44668911335578004	False	False	False	False	False	False	False	False
SAP30	SAP30	chr4	173370953	+	False	False	False	0.7135678391959799	0.805504958510423	True	False	True	False	False	True	False	True
BCKDHB	BCKDHB	chr6	80106670	+	False	False	True	0.7035175879396985	0.7433077401950612	True	False	True	False	False	True	False	True
HSD11B1	HSD11B1	chr1	209704845	+	False	False	False	0.5628140703517588	0.2551282051282051	False	False	False	False	False	False	False	False
MRPS21	MRPS21	chr1	150293860	+	False	False	False	0.5979899497487438	0.9561561561561561	True	False	True	False	False	True	False	True
TRUB2	TRUB2	chr9	128322446	-	False	False	False	0.6180904522613065	0.8513368983957219	True	False	True	False	False	True	False	True
CARD11	CARD11	chr7	3043866	-	False	False	False	0.6331658291457286	0.8098837209302325	True	False	True	False	False	True	False	True
EYA3	EYA3	chr1	28088609	-	False	False	True	0.5678391959798995	0.8155737704918032	True	False	True	False	False	True	False	True
CD69	CD69	chr12	9760900	-	False	False	False	0.4371859296482412	0.2167755991285403	False	False	False	False	False	False	False	False
MESD	MESD	chr15	80989818	-	False	False	False	0.7135678391959799	0.9503737541528239	True	False	True	False	False	True	False	True
RBM7	RBM7	chr11	114400665	+	False	False	False	0.6180904522613065	1.1236589497459062	True	False	True	False	False	True	False	True
LRRN3	LRRN3	chr7	111091126	+	False	False	False	0.5125628140703518	0.3849129593810445	False	False	False	False	False	False	False	False
COPA	COPA	chr1	160343249	-	False	False	False	0.6080402010050251	1.0033613445378151	True	False	True	False	False	True	False	True
CD200	CD200	chr3	112333155	+	False	False	False	0.6984924623115578	0.6768707482993197	True	False	True	False	False	True	False	True
ZNF850	ZNF850	chr19	36772806	-	False	False	True	0.628140703517588	0.8176682074987159	True	False	True	False	False	True	False	True
TIGD7	TIGD7	chr16	3305429	-	False	False	False	0.6532663316582915	0.7065088757396449	True	False	True	False	False	True	False	True
ARAF	ARAF	chrX	47561204	+	False	False	False	0.6532663316582915	0.9182260958728531	True	False	True	False	False	True	False	True
METTL3	METTL3	chr14	21511339	-	False	True	False	0.5577889447236181	0.969785575048733	True	False	True	False	True	True	False	True
RPRD1B	RPRD1B	chr20	38033745	+	False	False	False	0.678391959798995	0.8376163048294196	True	False	True	False	False	True	False	True
GEMIN5	GEMIN5	chr5	154938210	-	False	False	False	0.6984924623115578	1.0325861353258614	True	False	True	False	False	True	False	True
HNRNPA0	HNRNPA0	chr5	137754362	-	False	False	False	0.6934673366834171	1.023479427549195	True	False	True	False	False	True	False	True
STIMATE	STIMATE	chr3	52897547	-	False	False	False	0.7587939698492462	0.9796061884669479	True	False	True	False	False	True	False	True
FBXL13	FBXL13	chr7	103074795	-	False	False	False	0.678391959798995	0.8376163048294196	True	False	True	False	False	True	False	True
HNRNPK	HNRNPK	chr9	83980214	-	False	False	False	0.7185929648241206	1.0619868637110017	True	False	True	False	False	True	False	True
BEX2	BEX2	chrX	103310989	-	False	False	False	0.6683417085427136	0.8562047101449275	True	False	True	False	False	True	False	True
TLE6	TLE6	chr19	2977563	+	False	False	False	0.7085427135678392	0.6180124223602484	False	False	False	False	False	False	False	False
DELE1	DELE1	chr5	141923870	+	False	False	False	0.6683417085427136	0.813721035892776	True	False	True	False	False	True	False	True
TXNL4B	TXNL4B	chr16	72093619	-	False	False	False	0.5829145728643216	1.0364583333333333	True	False	True	False	False	True	False	True
TVP23C	TVP23C	chr17	15563482	-	False	False	False	0.6984924623115578	0.6461038961038961	False	False	False	False	False	False	False	False
KMT2B	KMT2B	chr19	35718002	+	False	False	False	0.8492462311557789	0.9189033189033189	True	False	True	False	False	True	False	True
USP21	USP21	chr1	161159499	+	False	False	False	0.7336683417085427	0.9363747954173486	True	False	True	False	False	True	False	True
DENND4B	DENND4B	chr1	153946717	-	False	False	False	0.7487437185929648	0.6768707482993197	True	False	True	False	False	True	False	True
RAD1	RAD1	chr5	34915503	-	False	True	False	0.6683417085427136	0.8122448979591836	True	False	True	False	True	True	False	True
ATP7A	ATP7A	chrX	77910692	+	False	False	False	0.6432160804020101	0.8441145281018028	True	False	True	False	False	True	False	True
ALG8	ALG8	chr11	78139625	-	False	False	False	0.6582914572864321	1.0340103920642418	True	False	True	False	False	True	False	True
STK36	STK36	chr2	218672085	+	False	False	False	0.6180904522613065	0.6862068965517242	True	False	True	False	False	True	False	True
TRPT1	TRPT1	chr11	64226185	-	False	False	False	0.7437185929648241	0.9661998132586368	True	False	True	False	False	True	False	True
UBE2Q1	UBE2Q1	chr1	154558661	-	False	False	False	0.8442211055276382	1.0366171288493948	True	False	True	False	False	True	False	True
RABGAP1	RABGAP1	chr9	122941019	+	False	False	False	0.7286432160804021	0.9504993486756405	True	False	True	False	False	True	False	True
ADIPOR1	ADIPOR1	chr1	202958311	-	False	False	False	0.7738693467336684	1.0585106382978724	True	False	True	False	False	True	False	True
GRPEL2	GRPEL2	chr5	149345498	+	False	False	False	0.6381909547738693	0.8928215353938186	True	False	True	False	False	True	False	True
MRPL16	MRPL16	chr11	59810777	-	False	False	False	0.6381909547738693	0.8402881271733731	True	False	True	False	False	True	False	True
ATP5F1E	ATP5F1E	chr20	59032334	-	False	False	False	0.6934673366834171	0.8823902027027027	True	False	True	False	False	True	False	True
IFT46	IFT46	chr11	118565930	-	False	False	False	0.5376884422110553	0.7056737588652482	False	False	False	False	False	False	False	False
HNRNPD	HNRNPD	chr4	82373990	-	False	False	False	0.6180904522613065	1.3883720930232557	True	False	True	False	False	True	False	True
NEXN	NEXN	chr1	77888623	+	False	False	False	0.6934673366834171	0.7107142857142857	True	False	True	False	False	True	False	True
MX1	MX1	chr21	41426238	+	False	False	False	0.7035175879396985	0.98557278208441	True	False	True	False	False	True	False	True
VCPIP1	VCPIP1	chr8	66667230	-	False	False	False	0.5979899497487438	0.7214897824653922	True	False	True	False	False	True	False	True
PLK1	PLK1	chr16	23678888	+	False	False	False	0.6482412060301508	0.994005994005994	True	False	True	False	False	True	False	True
MFAP3	MFAP3	chr5	154038966	+	False	False	False	0.6683417085427136	0.9995433789954338	True	False	True	False	False	True	False	True
SRPRA	SRPRA	chr11	126268894	-	False	False	False	0.7085427135678392	1.0823932312651088	True	False	True	False	False	True	False	True
ZNF628	ZNF628	chr19	55476616	+	False	False	False	0.7286432160804021	0.9923283467587265	True	False	True	False	False	True	False	True
SHMT2	SHMT2	chr12	57229710	+	False	False	False	0.5829145728643216	0.8969350961538461	True	False	True	False	False	True	False	True
EEF1B2	EEF1B2	chr2	206159894	+	True	False	False	0.5477386934673367	1.0091277890466532	False	True	False	True	False	False	True	False
SHMT1	SHMT1	chr17	18363549	-	False	False	False	0.7185929648241206	0.7831562377016923	True	False	True	False	False	True	False	True
SAP18	SAP18	chr13	21140118	+	False	False	False	0.5125628140703518	0.8445216049382716	False	False	False	False	False	False	False	False
TLR4	TLR4	chr9	117704402	+	False	False	False	0.5678391959798995	0.49874686716791977	False	False	False	False	False	False	False	False
STRAP	STRAP	chr12	15882386	+	False	False	False	0.6080402010050251	1.1055555555555556	True	False	True	False	False	True	False	True
TUSC2	TUSC2	chr3	50328222	-	False	False	False	0.6733668341708543	0.8752314814814814	True	False	True	False	False	True	False	True
RNF138	RNF138	chr18	32091873	+	False	False	False	0.7236180904522613	0.9257608063578213	True	False	True	False	False	True	False	True
SLC25A5	SLC25A5	chrX	119468443	+	True	False	False	0.6984924623115578	0.9567307692307693	True	False	False	True	False	True	False	False
VCPKMT	VCPKMT	chr14	50116571	-	False	False	False	0.678391959798995	1.228395061728395	True	False	True	False	False	True	False	True
UQCC3	UQCC3	chr11	62671672	+	False	False	False	0.628140703517588	0.9184615384615384	True	False	True	False	False	True	False	True
H2BC9	H2BC9	chr6	26251613	+	False	False	False	0.46733668341708545	0.46022201665124884	False	False	False	False	False	False	False	False
FANCE	FANCE	chr6	35452337	+	False	False	False	0.7336683417085427	0.9641472868217055	True	False	True	False	False	True	False	True
CHMP4A	CHMP4A	chr14	24213487	-	False	False	False	0.6633165829145728	0.7969962453066333	True	False	True	False	False	True	False	True
FDXACB1	FDXACB1	chr11	111879164	-	False	False	False	0.6231155778894473	1.063034188034188	True	False	True	False	False	True	False	True
TMCO6	TMCO6	chr5	140639450	+	False	False	False	0.7135678391959799	0.8079059829059829	True	False	True	False	False	True	False	True
ENSG00000288646	ENSG00000288646	chr6	53065601	+	False	False	True	0.7185929648241206	0.8931048551611587	True	False	True	False	False	True	False	True
OTUB2	OTUB2	chr14	94026339	+	False	False	False	0.6180904522613065	0.950132625994695	True	False	True	False	False	True	False	True
TECR	TECR	chr19	14529593	+	False	False	False	0.7336683417085427	1.052703761755486	True	False	True	False	False	True	False	True
EEFSEC	EEFSEC	chr3	128153480	+	False	False	False	0.7537688442211056	1.1516203703703705	True	False	True	False	False	True	False	True
DIS3L2	DIS3L2	chr2	231961712	+	False	False	False	0.7135678391959799	1.0743355481727574	True	False	True	False	False	True	False	True
DIPK1A	DIPK1A	chr1	92961461	-	False	False	False	0.7688442211055276	0.8364400584795322	True	False	True	False	False	True	False	True
ZNF281	ZNF281	chr1	200410035	-	False	False	False	0.6532663316582915	1.0483716475095786	True	False	True	False	False	True	False	True
IP6K1	IP6K1	chr3	49786541	-	False	False	False	0.6532663316582915	0.7537878787878788	True	False	True	False	False	True	False	True
MRPL3	MRPL3	chr3	131502970	-	False	False	False	0.6180904522613065	1.2166400850611376	True	False	True	False	False	True	False	True
NAA25	NAA25	chr12	112108782	-	False	False	False	0.6432160804020101	1.0265291083271924	True	False	True	False	False	True	False	True
EGLN3	EGLN3	chr14	33951073	-	False	False	False	0.7437185929648241	0.9856906989543203	True	False	True	False	False	True	False	True
FUZ	FUZ	chr19	49813291	-	False	False	False	0.5276381909547738	0.5971492873218305	False	False	False	False	False	False	False	False
PDF	PDF	chr16	69330587	-	False	False	False	0.7587939698492462	0.9424408014571949	True	False	True	False	False	True	False	True
SEC23B	SEC23B	chr20	18507939	+	False	False	False	0.6683417085427136	0.8130745658835546	True	False	True	False	False	True	False	True
MT1G	MT1G	chr16	56668064	-	True	True	False	0.6683417085427136	0.7249544626593807	True	False	False	True	True	True	False	False
CHD9	CHD9	chr16	53054990	+	False	False	False	0.7085427135678392	0.804040404040404	True	False	True	False	False	True	False	True
DTX2	DTX2	chr7	76461708	+	False	False	False	0.7185929648241206	0.7528872958980486	True	False	True	False	False	True	False	True
PEX12	PEX12	chr17	35578570	-	False	False	False	0.6080402010050251	0.9819078947368421	True	False	True	False	False	True	False	True
NICN1	NICN1	chr3	49429323	-	False	False	False	0.628140703517588	0.8865303983228512	True	False	True	False	False	True	False	True
MPI	MPI	chr15	74890041	+	False	False	False	0.6884422110552764	0.8435966086568496	True	False	True	False	False	True	False	True
POLD3	POLD3	chr11	74592581	+	False	False	False	0.6633165829145728	0.9189563611175248	True	False	True	False	False	True	False	True
S100A11	S100A11	chr1	152037003	-	False	False	False	0.7236180904522613	0.694320604768366	True	False	True	False	False	True	False	True
HSPA4L	HSPA4L	chr4	127782321	+	False	False	False	0.7236180904522613	1.0011609907120742	True	False	True	False	False	True	False	True
REEP4	REEP4	chr8	22141906	-	False	False	False	0.7185929648241206	0.8614718614718615	True	False	True	False	False	True	False	True
ZNF778	ZNF778	chr16	89217702	+	False	False	False	0.7185929648241206	1.012128325508607	True	False	True	False	False	True	False	True
NAGK	NAGK	chr2	71068647	+	False	False	False	0.7085427135678392	0.8107741059302852	True	False	True	False	False	True	False	True
CHM	CHM	chrX	86047557	-	False	False	False	0.49246231155778897	0.6675052410901468	False	False	False	False	False	False	False	False
UQCC6	UQCC6	chr12	103957214	-	False	False	False	0.6582914572864321	0.9203992210321325	True	False	True	False	False	True	False	True
FAM229B	FAM229B	chr6	112087590	+	False	False	False	0.5728643216080402	0.9848437983297247	True	False	True	False	False	True	False	True
ATAD5	ATAD5	chr17	30831965	+	False	False	False	0.6482412060301508	1.0809876543209878	True	False	True	False	False	True	False	True
MFSD14B	MFSD14B	chr9	94374568	+	False	False	False	0.7085427135678392	0.8532053899550837	True	False	True	False	False	True	False	True
IDS	IDS	chrX	149505305	-	False	False	False	0.7185929648241206	0.9770227808326787	True	False	True	False	False	True	False	True
NDUFB11	NDUFB11	chrX	47144701	-	False	False	False	0.6633165829145728	1.005050505050505	True	False	True	False	False	True	False	True
COX16	COX16	chr14	70359682	-	False	False	False	0.507537688442211	0.8898373983739838	False	False	False	False	False	False	False	False
SURF2	SURF2	chr9	133356549	+	False	False	False	0.7688442211055276	1.0212110845022238	True	False	True	False	False	True	False	True
PRRC1	PRRC1	chr5	127517639	+	False	False	False	0.7085427135678392	1.208502024291498	True	False	True	False	False	True	False	True
ATP5PO	ATP5PO	chr21	33915803	-	False	False	False	0.6532663316582915	0.8496204933586338	True	False	True	False	False	True	False	True
SESN3	SESN3	chr11	95231201	-	False	False	False	0.7638190954773869	0.9765308299551952	True	False	True	False	False	True	False	True
PSMG4	PSMG4	chr6	3258946	+	False	False	False	0.7587939698492462	0.8731133731133731	True	False	True	False	False	True	False	True
FUNDC1	FUNDC1	chrX	44542858	-	False	True	False	0.6331658291457286	0.5605633802816902	False	False	False	False	True	False	False	False
AKAP8	AKAP8	chr19	15379786	-	False	False	False	0.6532663316582915	1.0300207039337475	True	False	True	False	False	True	False	True
ABITRAM	ABITRAM	chr9	108934399	+	False	False	False	0.7185929648241206	0.9937578027465668	True	False	True	False	False	True	False	True
ENSG00000287856	ENSG00000287856	chr1	231528601	-	False	False	False	0.6984924623115578	0.995	True	False	True	False	False	True	False	True
LRRC37B	LRRC37B	chr17	32007382	+	False	False	False	0.6884422110552764	0.8774250440917107	True	False	True	False	False	True	False	True
MMADHC	MMADHC	chr2	149587774	-	False	False	False	0.6080402010050251	1.045052515201769	True	False	True	False	False	True	False	True
PSTPIP2	PSTPIP2	chr18	46072259	-	False	False	False	0.6934673366834171	1.0033613445378151	True	False	True	False	False	True	False	True
APC	APC	chr5	112737884	+	False	False	False	0.6683417085427136	0.5801749271137027	False	False	False	False	False	False	False	False
TTC19	TTC19	chr17	15999823	+	False	False	False	0.7638190954773869	0.9629032258064516	True	False	True	False	False	True	False	True
RPS20	RPS20	chr8	56074505	-	True	False	False	0.592964824120603	1.0293103448275862	True	False	False	True	False	True	False	False
PARL	PARL	chr3	183884879	-	False	False	False	0.6984924623115578	0.820054945054945	True	False	True	False	False	True	False	True
ARHGAP30	ARHGAP30	chr1	161069890	-	False	False	False	0.6180904522613065	0.3162076271186441	False	False	False	False	False	False	False	False
AP2M1	AP2M1	chr3	184174854	+	False	False	False	0.7336683417085427	1.0497058226820857	True	False	True	False	False	True	False	True
HELLS	HELLS	chr10	94545787	+	False	False	False	0.6130653266331658	1.0911976911976913	True	False	True	False	False	True	False	True
ARID2	ARID2	chr12	45729705	+	False	False	False	0.7638190954773869	0.9024943310657596	True	False	True	False	False	True	False	True
LCK	LCK	chr1	32251264	+	False	False	False	0.678391959798995	0.5604198668714798	False	False	False	False	False	False	False	False
KIFBP	KIFBP	chr10	68988802	+	False	False	False	0.5879396984924623	1.0887537993920973	True	False	True	False	False	True	False	True
IRF9	IRF9	chr14	24161264	+	False	False	False	0.5778894472361809	0.3692022263450835	False	False	False	False	False	False	False	False
DPP3	DPP3	chr11	66480433	+	False	False	False	0.6482412060301508	0.7053164556962025	True	False	True	False	False	True	False	True
IKZF5	IKZF5	chr10	123008794	-	False	False	False	0.6180904522613065	0.961352657004831	True	False	True	False	False	True	False	True
MED27	MED27	chr9	132079866	-	False	False	True	0.592964824120603	0.9212962962962963	True	False	True	False	False	True	False	True
SF1	SF1	chr11	64778541	-	False	False	False	0.7889447236180904	1.0534494535519126	True	False	True	False	False	True	False	True
PNKP	PNKP	chr19	49867575	-	False	True	False	0.7537688442211056	0.7156986153569502	True	False	True	False	True	True	False	True
SMC3	SMC3	chr10	110567694	+	False	False	False	0.6733668341708543	0.8469982078853047	True	False	True	False	False	True	False	True
LAMP2	LAMP2	chrX	120469295	-	False	False	False	0.592964824120603	0.8061342592592593	True	False	True	False	False	True	False	True
GLE1	GLE1	chr9	128504718	+	False	False	False	0.6984924623115578	0.9237400530503979	True	False	True	False	False	True	False	True
NUDT2	NUDT2	chr9	34329568	+	False	False	False	0.542713567839196	0.6144082332761578	False	False	False	False	False	False	False	False
WHAMM	WHAMM	chr15	82809627	+	False	False	False	0.6633165829145728	0.7768082663605052	True	False	True	False	False	True	False	True
THAP4	THAP4	chr2	241637157	-	False	False	False	0.8492462311557789	1.11672278338945	True	False	True	False	False	True	False	True
CTSO	CTSO	chr4	155953865	-	False	False	False	0.7185929648241206	0.9379418695993715	True	False	True	False	False	True	False	True
PCCA	PCCA	chr13	100089092	+	False	False	False	0.6984924623115578	0.794661622530475	True	False	True	False	False	True	False	True
TTC1	TTC1	chr5	160009138	+	False	False	False	0.5326633165829145	0.7294721407624634	False	False	False	False	False	False	False	False
GIMAP6	GIMAP6	chr7	150632384	-	False	True	False	0.49748743718592964	0.35535714285714287	False	False	False	False	True	False	False	False
MRPL12	MRPL12	chr17	81703366	+	False	False	False	0.6733668341708543	1.1528520499108734	True	False	True	False	False	True	False	True
RALB	RALB	chr2	120252851	+	False	False	False	0.7236180904522613	1.091248080719456	True	False	True	False	False	True	False	True
KCTD12	KCTD12	chr13	76886404	-	False	False	False	0.7688442211055276	1.1573725624358535	True	False	True	False	False	True	False	True
ZNF543	ZNF543	chr19	57320471	+	False	False	False	0.6934673366834171	0.8577586206896551	True	False	True	False	False	True	False	True
RBM34	RBM34	chr1	235161249	-	False	False	False	0.6633165829145728	0.9557633973710818	True	False	True	False	False	True	False	True
SPPL3	SPPL3	chr12	120904357	-	False	False	False	0.7889447236180904	0.994005994005994	True	False	True	False	False	True	False	True
ALG14	ALG14	chr1	95072950	-	False	False	False	0.6231155778894473	0.9877220480668757	True	False	True	False	False	True	False	True
OXCT1	OXCT1	chr5	41870424	-	False	False	False	0.6934673366834171	1.1637426900584795	True	False	True	False	False	True	False	True
SEC22A	SEC22A	chr3	123201942	+	False	False	False	0.6733668341708543	1.0641711229946524	True	False	True	False	False	True	False	True
SCARB2	SCARB2	chr4	76213823	-	False	False	False	0.7839195979899497	1.149116847826087	True	False	True	False	False	True	False	True
ZNF780B	ZNF780B	chr19	40056230	-	False	False	False	0.5376884422110553	0.5574229691876751	False	False	False	False	False	False	False	False
ZC3H8	ZC3H8	chr2	112255041	-	False	True	False	0.6482412060301508	0.9181641573579408	True	False	True	False	True	True	False	True
TBCC	TBCC	chr6	42746102	-	False	False	False	0.592964824120603	0.7651582372079266	True	False	True	False	False	True	False	True
RNF149	RNF149	chr2	101308700	-	False	False	False	0.7185929648241206	1.0302668259657506	True	False	True	False	False	True	False	True
IER2	IER2	chr19	13150410	+	False	False	False	0.6482412060301508	0.8136123136123136	True	False	True	False	False	True	False	True
HADHB	HADHB	chr2	26244938	+	False	False	False	0.6984924623115578	0.6594863297431649	True	False	True	False	False	True	False	True
RCCD1	RCCD1	chr15	90954883	+	False	False	False	0.6633165829145728	0.8927981109799291	True	False	True	False	False	True	False	True
KSR1	KSR1	chr17	27456447	+	False	False	False	0.7587939698492462	1.0124561403508772	True	False	True	False	False	True	False	True
PABIR2	PABIR2	chrX	134797204	-	False	False	False	0.6683417085427136	0.9646814404432132	True	False	True	False	False	True	False	True
VPS13C	VPS13C	chr15	62060446	-	False	False	False	0.7537688442211056	0.9212962962962963	True	False	True	False	False	True	False	True
RHOG	RHOG	chr11	3840958	-	False	True	False	0.8040201005025126	0.7056737588652482	True	False	True	False	True	True	False	True
ZG16B	ZG16B	chr16	2830302	+	False	False	False	0.6532663316582915	0.3309574720836303	False	False	False	False	False	False	False	False
TRAPPC5	TRAPPC5	chr19	7680832	+	False	False	False	0.7738693467336684	1.1006244424620875	True	False	True	False	False	True	False	True
DGUOK	DGUOK	chr2	73926879	+	False	False	False	0.6080402010050251	0.9243169398907104	True	False	True	False	False	True	False	True
RPL26	RPL26	chr17	8383192	-	False	False	False	0.5778894472361809	1.0239104116222761	True	False	True	False	False	True	False	True
ATG9A	ATG9A	chr2	219229635	-	False	False	False	0.6934673366834171	0.9615546218487395	True	False	True	False	False	True	False	True
PLAGL1	PLAGL1	chr6	144008258	-	False	False	False	0.7135678391959799	0.9481834425253127	True	False	True	False	False	True	False	True
ATP5MC2	ATP5MC2	chr12	53676082	-	False	False	False	0.628140703517588	0.8755175983436853	True	False	True	False	False	True	False	True
ERCC2	ERCC2	chr19	45370572	-	False	False	False	0.6432160804020101	0.9694871794871794	True	False	True	False	False	True	False	True
MFSD1	MFSD1	chr3	158802053	+	False	False	False	0.6834170854271356	0.8674803836094158	True	False	True	False	False	True	False	True
PDS5B	PDS5B	chr13	32586451	+	False	False	False	0.7236180904522613	0.9489944018245905	True	False	True	False	False	True	False	True
PPP1R37	PPP1R37	chr19	45093178	+	False	False	False	0.7286432160804021	1.2427790788446527	True	False	True	False	False	True	False	True
PICK1	PICK1	chr22	38057403	+	False	False	False	0.6482412060301508	0.8504273504273504	True	False	True	False	False	True	False	True
ZCCHC2	ZCCHC2	chr18	62523024	+	False	False	False	0.7437185929648241	0.9819078947368421	True	False	True	False	False	True	False	True
SPATA33	SPATA33	chr16	89657835	+	False	False	False	0.7386934673366834	1.0621425848265345	True	False	True	False	False	True	False	True
PSMD2	PSMD2	chr3	184299240	+	False	False	False	0.7738693467336684	1.1006244424620875	True	False	True	False	False	True	False	True
FBXL6	FBXL6	chr8	144358471	-	False	False	False	0.7587939698492462	0.9436248682824026	True	False	True	False	False	True	False	True
CNIH1	CNIH1	chr14	54441373	-	False	False	False	0.7135678391959799	0.9079547708787938	True	False	True	False	False	True	False	True
B4GALT4	B4GALT4	chr3	119240877	-	False	False	False	0.7487437185929648	0.9681081081081081	True	False	True	False	False	True	False	True
LARP4B	LARP4B	chr10	931704	-	False	False	False	0.7035175879396985	1.1306818181818181	True	False	True	False	False	True	False	True
CNOT4	CNOT4	chr7	135510101	-	False	False	False	0.678391959798995	0.8096745027124774	True	False	True	False	False	True	False	True
SHARPIN	SHARPIN	chr8	144103772	-	False	False	False	0.7889447236180904	1.0405228758169935	True	False	True	False	False	True	False	True
POLR3G	POLR3G	chr5	90474863	+	False	False	False	0.6733668341708543	0.9029038112522686	True	False	True	False	False	True	False	True
PQBP1	PQBP1	chrX	48897929	+	False	False	False	0.5577889447236181	0.9212962962962963	True	False	True	False	False	True	False	True
ZNF260	ZNF260	chr19	36528270	-	False	False	False	0.6381909547738693	0.8077118214104515	True	False	True	False	False	True	False	True
RPL39	RPL39	chrX	119791629	-	False	False	False	0.5979899497487438	0.8758802816901409	True	False	True	False	False	True	False	True
TET2	TET2	chr4	105146875	+	False	False	False	0.5778894472361809	0.796	True	False	True	False	False	True	False	True
RTCA	RTCA	chr1	100266215	+	False	False	False	0.6381909547738693	0.9920239282153539	True	False	True	False	False	True	False	True
DHTKD1	DHTKD1	chr10	12068953	+	False	False	False	0.6934673366834171	0.7968387776606954	True	False	True	False	False	True	False	True
SDCCAG8	SDCCAG8	chr1	243256040	+	False	False	False	0.6231155778894473	0.6292490118577075	False	False	False	False	False	False	False	False
RBM33	RBM33	chr7	155644660	+	False	False	False	0.7487437185929648	1.0043258832011537	True	False	True	False	False	True	False	True
TMEM115	TMEM115	chr3	50359520	-	False	False	False	0.6733668341708543	0.8008048289738431	True	False	True	False	False	True	False	True
PHF11	PHF11	chr13	49495952	+	False	False	False	0.6482412060301508	0.7823095823095824	True	False	True	False	False	True	False	True
NONO	NONO	chrX	71283634	+	False	False	False	0.5728643216080402	1.2926074853077636	True	False	True	False	False	True	False	True
PBRM1	PBRM1	chr3	52685912	-	False	False	False	0.7236180904522613	1.2038717483363581	True	False	True	False	False	True	False	True
UBE2Z	UBE2Z	chr17	48908406	+	False	False	False	0.7236180904522613	0.923044486611849	True	False	True	False	False	True	False	True
PPP1R3B	PPP1R3B	chr8	9150657	-	False	False	False	0.7135678391959799	0.9302845528455285	True	False	True	False	False	True	False	True
PSMA1	PSMA1	chr11	14520385	-	False	False	False	0.5628140703517588	1.0182283338663256	True	False	True	False	False	True	False	True
NARS1	NARS1	chr18	57621835	-	False	True	False	0.6432160804020101	1.1731761238025056	True	False	True	False	True	True	False	True
DCAF13	DCAF13	chr8	103415385	+	False	False	False	0.628140703517588	1.0229978354978355	True	False	True	False	False	True	False	True
TSPAN10	TSPAN10	chr17	81637195	+	False	False	False	0.6582914572864321	0.978688524590164	True	False	True	False	False	True	False	True
UBL3	UBL3	chr13	29850616	-	False	False	False	0.6984924623115578	0.9847246127366609	True	False	True	False	False	True	False	True
ZFAND4	ZFAND4	chr10	45672771	-	False	False	False	0.7035175879396985	1.0153061224489797	True	False	True	False	False	True	False	True
PGM1	PGM1	chr1	63593410	+	False	False	False	0.7085427135678392	0.6524590163934426	True	False	True	False	False	True	False	True
PAGR1	PAGR1	chr16	29816151	+	False	False	False	0.6432160804020101	0.8390376984126984	True	False	True	False	False	True	False	True
PABPN1	PABPN1	chr14	23321456	+	False	False	False	0.7437185929648241	0.9703675918979745	True	False	True	False	False	True	False	True
SH2D1A	SH2D1A	chrX	124346562	+	False	False	False	0.5527638190954773	0.199	False	False	False	False	False	False	False	False
SLX4	SLX4	chr16	3611605	-	False	False	False	0.7688442211055276	1.1231040564373898	True	False	True	False	False	True	False	True
ACTR2	ACTR2	chr2	65227830	+	False	False	False	0.6582914572864321	0.9490461847389559	True	False	True	False	False	True	False	True
PGAP1	PGAP1	chr2	196926706	-	False	False	False	0.7638190954773869	1.0734747023809523	True	False	True	False	False	True	False	True
TIFA	TIFA	chr4	112285903	-	False	False	True	0.7236180904522613	1.0660714285714286	True	False	True	False	False	True	False	True
PHB1	PHB1	chr17	49414881	-	False	False	False	0.5728643216080402	0.4562725188339338	False	False	False	False	False	False	False	False
SLC39A10	SLC39A10	chr2	195657225	+	False	False	False	0.5628140703517588	1.0270967741935484	True	False	True	False	False	True	False	True
CSTF2T	CSTF2T	chr10	51699594	-	False	False	False	0.5527638190954773	1.3226985709538053	True	False	True	False	False	True	False	True
DHX57	DHX57	chr2	38875933	-	False	False	False	0.6432160804020101	0.6371921182266009	False	False	False	False	False	False	False	False
CPT2	CPT2	chr1	53196823	+	False	False	False	0.678391959798995	0.7517777777777778	True	False	True	False	False	True	False	True
GNL1	GNL1	chr6	30556488	-	False	False	False	0.6884422110552764	0.9600877192982457	True	False	True	False	False	True	False	True
INPP5D	INPP5D	chr2	233060341	+	False	False	False	0.5829145728643216	0.41458333333333336	False	False	False	False	False	False	False	False
TBRG4	TBRG4	chr7	45111696	-	False	False	False	0.6934673366834171	1.186425131850493	True	False	True	False	False	True	False	True
FNIP1	FNIP1	chr5	131797016	-	False	False	False	0.7035175879396985	0.7717901612573995	True	False	True	False	False	True	False	True
COX20	COX20	chr1	244835657	+	False	False	False	0.7487437185929648	1.0625476735316552	True	False	True	False	False	True	False	True
EXOG	EXOG	chr3	38496339	+	False	False	False	0.6934673366834171	1.015982241953385	True	False	True	False	False	True	False	True
GCC1	GCC1	chr7	127585595	-	False	False	True	0.7085427135678392	0.841183574879227	True	False	True	False	False	True	False	True
NBEAL2	NBEAL2	chr3	46979665	+	False	False	False	0.7135678391959799	0.7141148325358851	True	False	True	False	False	True	False	True
POMP	POMP	chr13	28659129	+	False	False	False	0.7035175879396985	0.9845392702535559	True	False	True	False	False	True	False	True
TPCN1	TPCN1	chr12	113221463	+	False	False	False	0.6683417085427136	0.8741602067183463	True	False	True	False	False	True	False	True
MRPS9	MRPS9	chr2	105038068	+	False	False	False	0.6633165829145728	0.704840613931523	True	False	True	False	False	True	False	True
GPR137B	GPR137B	chr1	236142538	+	False	False	False	0.7437185929648241	1.0874316939890711	True	False	True	False	False	True	False	True
TRMT1L	TRMT1L	chr1	185156952	-	False	False	False	0.5678391959798995	0.9993722536095417	True	False	True	False	False	True	False	True
VCF1	VCF1	chr17	73232393	-	False	False	False	0.6984924623115578	0.7831400165700083	True	False	True	False	False	True	False	True
CLPP	CLPP	chr19	6361530	+	False	False	False	0.6834170854271356	0.8614718614718615	True	False	True	False	False	True	False	True
WDR83OS	WDR83OS	chr19	12669414	-	False	False	False	0.5979899497487438	1.0205128205128204	True	False	True	False	False	True	False	True
ERP44	ERP44	chr9	100098999	-	False	False	False	0.6582914572864321	0.702683615819209	True	False	True	False	False	True	False	True
ZC3H13	ZC3H13	chr13	46052745	-	False	False	False	0.5276381909547738	0.8671023965141612	False	False	False	False	False	False	False	False
RARS2	RARS2	chr6	87589986	-	False	False	True	0.678391959798995	0.995	True	False	True	False	False	True	False	True
MED13L	MED13L	chr12	116277692	-	False	False	False	0.7638190954773869	0.8036874451273046	True	False	True	False	False	True	False	True
ETF1	ETF1	chr5	138543235	-	False	False	False	0.6934673366834171	0.8504273504273504	True	False	True	False	False	True	False	True
TONSL	TONSL	chr8	144444439	-	False	False	False	0.7889447236180904	1.1283505154639175	True	False	True	False	False	True	False	True
CEP152	CEP152	chr15	48811068	-	False	False	False	0.6080402010050251	0.7700386954118298	True	False	True	False	False	True	False	True
POLR2G	POLR2G	chr11	62761579	+	False	False	False	0.6331658291457286	0.665380658436214	True	False	True	False	False	True	False	True
MTDH	MTDH	chr8	97644183	+	False	False	False	0.7839195979899497	1.0301984469370147	True	False	True	False	False	True	False	True
MMS19	MMS19	chr10	97498421	-	False	False	False	0.7236180904522613	0.9228985507246377	True	False	True	False	False	True	False	True
NSRP1	NSRP1	chr17	30116815	+	False	False	False	0.6231155778894473	1.169337606837607	True	False	True	False	False	True	False	True
COPZ1	COPZ1	chr12	54325130	+	False	False	False	0.5678391959798995	0.6415215989684074	False	False	False	False	False	False	False	False
ZNF182	ZNF182	chrX	48003988	-	False	False	False	0.592964824120603	0.7699404761904762	True	False	True	False	False	True	False	True
DCAF17	DCAF17	chr2	171434225	+	False	False	False	0.7286432160804021	0.9138920780711826	True	False	True	False	False	True	False	True
DNAJC17	DNAJC17	chr15	40807472	-	False	False	False	0.5879396984924623	0.6982456140350877	True	False	True	False	False	True	False	True
PSMB5	PSMB5	chr14	23034899	-	False	False	False	0.5376884422110553	0.9879432624113476	False	False	False	False	False	False	False	False
INPP5K	INPP5K	chr17	1516611	-	False	False	False	0.7386934673366834	1.1063750926612306	True	False	True	False	False	True	False	True
ENSG00000256646	ENSG00000256646	chr7	42932213	-	False	False	False	0.5326633165829145	0.7931159420289855	False	False	False	False	False	False	False	False
TRA2A	TRA2A	chr7	23531980	-	False	True	False	0.6482412060301508	0.8673123486682809	True	False	True	False	True	True	False	True
MRTO4	MRTO4	chr1	19251804	+	False	False	False	0.7035175879396985	0.8204493918779633	True	False	True	False	False	True	False	True
BRWD3	BRWD3	chrX	80809876	-	False	True	False	0.5979899497487438	0.966958211856171	True	False	True	False	True	True	False	True
PDIA6	PDIA6	chr2	10812784	-	False	False	False	0.7889447236180904	1.003089430894309	True	False	True	False	False	True	False	True
STX5	STX5	chr11	62832050	-	False	True	False	0.678391959798995	1.006066734074823	True	False	True	False	True	True	False	True
STAM2	STAM2	chr2	152175762	-	False	False	False	0.6934673366834171	0.9497727272727273	True	False	True	False	False	True	False	True
UHMK1	UHMK1	chr1	162497817	+	False	False	False	0.6331658291457286	0.665380658436214	True	False	True	False	False	True	False	True
USP4	USP4	chr3	49340052	-	False	False	False	0.7336683417085427	1.180646481178396	True	False	True	False	False	True	False	True
CDT1	CDT1	chr16	88803788	+	False	False	False	0.7537688442211056	1.0886625165063195	True	False	True	False	False	True	False	True
EIF4A3	EIF4A3	chr17	80147127	-	False	False	False	0.7085427135678392	1.3245260185558694	True	False	True	False	False	True	False	True
PDLIM5	PDLIM5	chr4	94451941	+	False	False	False	0.7638190954773869	0.9679337056386237	True	False	True	False	False	True	False	True
CAVIN3	CAVIN3	chr11	6320500	-	False	False	False	0.7035175879396985	0.6385026737967915	False	False	False	False	False	False	False	False
ZNF445	ZNF445	chr3	44477669	-	False	False	False	0.7738693467336684	1.136128456735058	True	False	True	False	False	True	False	True
SDE2	SDE2	chr1	225999342	-	False	False	False	0.6934673366834171	1.085813492063492	True	False	True	False	False	True	False	True
USP12	USP12	chr13	27171810	-	False	False	False	0.8592964824120602	1.005050505050505	True	False	True	False	False	True	False	True
ITPR2	ITPR2	chr12	26833193	-	False	False	False	0.6934673366834171	0.5462415540540541	False	False	False	False	False	False	False	False
USP5	USP5	chr12	6852149	+	False	False	False	0.6582914572864321	0.9267156862745098	True	False	True	False	False	True	False	True
MRPL35	MRPL35	chr2	86199456	+	False	False	False	0.49246231155778897	0.4975	False	False	False	False	False	False	False	False
PSMA7	PSMA7	chr20	62143393	-	False	False	False	0.7839195979899497	1.2462096242584046	True	False	True	False	False	True	False	True
RPP25	RPP25	chr15	74956771	-	False	False	False	0.7989949748743719	0.887543803759159	True	False	True	False	False	True	False	True
RASA1	RASA1	chr5	87267882	+	False	False	False	0.6381909547738693	0.7056737588652482	True	False	True	False	False	True	False	True
ZFP91	ZFP91	chr11	58579062	+	False	False	False	0.7386934673366834	0.9423159707275075	True	False	True	False	False	True	False	True
RET	RET	chr10	43077068	+	False	False	False	0.8090452261306532	1.0581588567630442	True	False	True	False	False	True	False	True
NCF4	NCF4	chr22	36861005	+	False	False	False	0.628140703517588	0.1592	False	False	False	False	False	False	False	False
MRPL42	MRPL42	chr12	93467513	+	False	False	False	0.6180904522613065	0.950132625994695	True	False	True	False	False	True	False	True
HOOK1	HOOK1	chr1	59814948	+	False	False	False	0.7587939698492462	1.017798690671031	True	False	True	False	False	True	False	True
POLE4	POLE4	chr2	74958642	+	False	False	False	0.7738693467336684	1.0278925619834711	True	False	True	False	False	True	False	True
FNBP4	FNBP4	chr11	47767340	-	False	False	False	0.6884422110552764	0.9759061833688699	True	False	True	False	False	True	False	True
HS1BP3	HS1BP3	chr2	20651097	-	False	False	False	0.7839195979899497	0.8526697429136454	True	False	True	False	False	True	False	True
CD3G	CD3G	chr11	118344343	+	False	False	False	0.628140703517588	0.10268317853457172	False	False	False	False	False	False	False	False
USP37	USP37	chr2	218568350	-	False	False	False	0.6532663316582915	1.0483716475095786	True	False	True	False	False	True	False	True
CLIP4	CLIP4	chr2	29115414	+	False	False	False	0.8190954773869347	1.0186690755796446	True	False	True	False	False	True	False	True
HEBP1	HEBP1	chr12	13000264	-	False	False	False	0.7939698492462312	0.9314735068339263	True	False	True	False	False	True	False	True
MYH10	MYH10	chr17	8630724	-	False	False	False	0.7085427135678392	0.8024193548387096	True	False	True	False	False	True	False	True
GTDC1	GTDC1	chr2	144332511	-	False	False	False	0.8140703517587939	0.9722035040431267	True	False	True	False	False	True	False	True
ALDH9A1	ALDH9A1	chr1	165698561	-	False	False	False	0.7135678391959799	1.0585106382978724	True	False	True	False	False	True	False	True
HDHD5	HDHD5	chr22	17159276	-	False	False	False	0.7738693467336684	1.2383751080380294	True	False	True	False	False	True	False	True
BAIAP2L1	BAIAP2L1	chr7	98401089	-	False	False	False	0.7587939698492462	0.9255813953488372	True	False	True	False	False	True	False	True
EXOSC8	EXOSC8	chr13	37000785	+	False	False	False	0.6834170854271356	1.1235320686540198	True	False	True	False	False	True	False	True
CPPED1	CPPED1	chr16	12803886	-	False	False	False	0.6984924623115578	0.8364859184531316	True	False	True	False	False	True	False	True
NFKBIE	NFKBIE	chr6	44265550	-	False	False	False	0.7738693467336684	0.7852118716761023	True	False	True	False	False	True	False	True
CARMIL1	CARMIL1	chr6	25279373	+	False	False	False	0.7487437185929648	0.7916817359855335	True	False	True	False	False	True	False	True
ZNF45	ZNF45	chr19	43935281	-	False	False	False	0.6231155778894473	0.7783572359843546	True	False	True	False	False	True	False	True
CAPN1	CAPN1	chr11	65181927	+	False	False	False	0.7085427135678392	0.4299913569576491	False	False	False	False	False	False	False	False
TESMIN	TESMIN	chr11	68751519	-	False	False	False	0.7738693467336684	0.9164473684210527	True	False	True	False	False	True	False	True
MARCKSL1	MARCKSL1	chr1	32336232	-	True	False	False	0.7537688442211056	1.0615220483641536	True	False	False	True	False	True	False	False
TPST2	TPST2	chr22	26590131	-	False	False	False	0.8190954773869347	0.9064682660188278	True	False	True	False	False	True	False	True
TMEM214	TMEM214	chr2	27032964	+	False	False	False	0.7437185929648241	1.0671300893743794	True	False	True	False	False	True	False	True
CD68	CD68	chr17	7579637	+	False	False	False	0.5829145728643216	0.12805662805662807	False	False	False	False	False	False	False	False
XPNPEP1	XPNPEP1	chr10	109923510	-	False	False	False	0.7889447236180904	0.9735812133072407	True	False	True	False	False	True	False	True
NBL1	NBL1	chr1	19644310	+	False	False	False	0.8492462311557789	1.0094202898550724	True	False	True	False	False	True	False	True
CAPZA2	CAPZA2	chr7	116862586	+	False	False	False	0.7135678391959799	1.1644723092998954	True	False	True	False	False	True	False	True
MICAL1	MICAL1	chr6	109455771	-	False	True	False	0.7839195979899497	0.9388432640223658	True	False	True	False	True	True	False	True
FNTA	FNTA	chr8	43056322	+	False	False	False	0.7236180904522613	0.6557472378367901	True	False	True	False	False	True	False	True
GJB6	GJB6	chr13	20232318	-	False	False	False	0.7738693467336684	1.0069151627593187	True	False	True	False	False	True	False	True
FAM78A	FAM78A	chr9	131276509	-	False	False	False	0.6080402010050251	0.9319559228650137	True	False	True	False	False	True	False	True
CRTC1	CRTC1	chr19	18683679	+	False	False	False	0.6984924623115578	1.1281179138321995	True	False	True	False	False	True	False	True
UBN2	UBN2	chr7	139231236	+	False	False	False	0.6180904522613065	0.9118598382749327	True	False	True	False	False	True	False	True
PGAM5	PGAM5	chr12	132710841	+	False	False	False	0.8241206030150754	1.013632958801498	True	False	True	False	False	True	False	True
ENSG00000283782	ENSG00000283782	chr5	132410831	+	False	False	False	0.7587939698492462	1.0458499456324755	True	False	True	False	False	True	False	True
PTBP3	PTBP3	chr9	112333618	-	False	True	False	0.7738693467336684	0.8739864864864865	True	False	True	False	True	True	False	True
PARN	PARN	chr16	14630259	-	False	False	False	0.7336683417085427	1.0847744360902256	True	False	True	False	False	True	False	True
VAMP2	VAMP2	chr17	8162947	-	False	False	False	0.7889447236180904	1.1357661708751297	True	False	True	False	False	True	False	True
SPEN	SPEN	chr1	15847706	+	False	False	False	0.7889447236180904	1.003089430894309	True	False	True	False	False	True	False	True
SCAMP1	SCAMP1	chr5	78360616	+	False	False	False	0.7135678391959799	1.0735264735264736	True	False	True	False	False	True	False	True
TTC12	TTC12	chr11	113314582	+	False	False	False	0.7336683417085427	0.5013565891472869	False	False	False	False	False	False	False	False
ENTR1	ENTR1	chr9	136410613	-	False	False	False	0.7437185929648241	1.1475074404761905	True	False	True	False	False	True	False	True
ZNF440	ZNF440	chr19	11814272	+	False	False	False	0.6532663316582915	0.6146353052981706	False	False	False	False	False	False	False	False
OCEL1	OCEL1	chr19	17226225	+	False	False	False	0.6984924623115578	0.5565834767641996	False	False	False	False	False	False	False	False
ATF5	ATF5	chr19	49929204	+	False	False	False	0.6834170854271356	0.788465771516619	True	False	True	False	False	True	False	True
WDR27	WDR27	chr6	169702028	-	False	False	False	0.6733668341708543	1.0897619047619047	True	False	True	False	False	True	False	True
SMC5	SMC5	chr9	70258977	+	False	False	False	0.7537688442211056	1.2386695195487258	True	False	True	False	False	True	False	True
ESYT1	ESYT1	chr12	56128266	+	False	False	False	0.6532663316582915	0.47145226249703864	False	False	False	False	False	False	False	False
ODC1	ODC1	chr2	10448326	-	False	False	False	0.7437185929648241	0.9448502556610665	True	False	True	False	False	True	False	True
TEN1	TEN1	chr17	75979239	+	False	False	False	0.7487437185929648	0.8309731299927379	True	False	True	False	False	True	False	True
VIPR2	VIPR2	chr7	159144866	-	False	False	False	0.7939698492462312	0.9691558441558441	True	False	True	False	False	True	False	True
SPIRE1	SPIRE1	chr18	12658106	-	False	False	False	0.8040201005025126	0.9640568838881075	True	False	True	False	False	True	False	True
EPS15	EPS15	chr1	51519265	-	False	False	False	0.7135678391959799	0.7956649831649831	True	False	True	False	False	True	False	True
AFAP1	AFAP1	chr4	7939860	-	False	False	False	0.8241206030150754	0.9241947565543072	True	False	True	False	False	True	False	True
DNAI4	DNAI4	chr1	66924855	-	False	False	False	0.6984924623115578	0.8731899956121105	True	False	True	False	False	True	False	True
DERL2	DERL2	chr17	5486177	-	False	False	False	0.7035175879396985	0.6694701429772918	True	False	True	False	False	True	False	True
CASP4	CASP4	chr11	104968573	-	False	False	False	0.4120603015075377	0.35855855855855856	False	False	False	False	False	False	False	False
COMMD7	COMMD7	chr20	32743466	-	False	False	False	0.7688442211055276	0.9158689248895434	True	False	True	False	False	True	False	True
TANK	TANK	chr2	161160427	+	False	False	False	0.5778894472361809	0.764404609475032	True	False	True	False	False	True	False	True
CXorf38	CXORF38	chrX	40647560	-	False	False	False	0.7185929648241206	1.0522914218566393	True	False	True	False	False	True	False	True
CHST12	CHST12	chr7	2403610	+	False	False	False	0.8291457286432161	1.1637426900584795	True	False	True	False	False	True	False	True
JADE2	JADE2	chr5	134525669	+	False	False	False	0.5376884422110553	0.4918785310734463	False	False	False	False	False	False	False	False
FCGR2A	FCGR2A	chr1	161505456	+	False	False	False	0.46733668341708545	0.18408880666049954	False	False	False	False	False	False	False	False
ELAPOR1	ELAPOR1	chr1	109114114	+	False	False	False	0.628140703517588	0.5120946989191971	False	False	False	False	False	False	False	False
LIN54	LIN54	chr4	83010822	-	False	False	False	0.6934673366834171	1.0117741503880118	True	False	True	False	False	True	False	True
SEPSECS	SEPSECS	chr4	25160448	-	False	False	False	0.5376884422110553	1.2603800140745953	False	False	False	False	False	False	False	False
HACD1	HACD1	chr10	17617373	-	False	False	False	0.7989949748743719	0.8682934712346477	True	False	True	False	False	True	False	True
PURA	PURA	chr5	140114108	+	False	False	False	0.7386934673366834	1.1011857707509882	True	False	True	False	False	True	False	True
NME3	NME3	chr16	1771542	-	False	False	False	0.7788944723618091	0.9112957937584804	True	False	True	False	False	True	False	True
MPP1	MPP1	chrX	154805484	-	False	False	False	0.7537688442211056	0.8149928774928775	True	False	True	False	False	True	False	True
SYNGR2	SYNGR2	chr17	78168580	+	False	False	False	0.7939698492462312	1.0869076305220884	True	False	True	False	False	True	False	True
PCMT1	PCMT1	chr6	149749740	+	False	False	False	0.7587939698492462	0.9848002827854365	True	False	True	False	False	True	False	True
TSKU	TSKU	chr11	76783355	+	False	False	False	0.8090452261306532	0.966958211856171	True	False	True	False	False	True	False	True
ADGRG1	ADGRG1	chr16	57628629	+	False	False	False	0.678391959798995	0.3498901098901099	False	False	False	False	False	False	False	False
ANP32B	ANP32B	chr9	97983340	+	False	False	False	0.7437185929648241	0.9900497512437811	True	False	True	False	False	True	False	True
TBC1D23	TBC1D23	chr3	100260991	+	False	False	False	0.592964824120603	0.9763347763347764	True	False	True	False	False	True	False	True
SSX2IP	SSX2IP	chr1	84690460	-	False	False	False	0.7989949748743719	0.8832365995220212	True	False	True	False	False	True	False	True
NEMP2	NEMP2	chr2	190534721	-	False	True	False	0.7336683417085427	0.8788402457757296	True	False	True	False	True	True	False	True
PARP11	PARP11	chr12	3873398	-	False	False	False	0.628140703517588	0.9822880371660859	True	False	True	False	False	True	False	True
LGALSL	LGALSL	chr2	64454161	+	False	False	False	0.7638190954773869	0.8063777307963355	True	False	True	False	False	True	False	True
GRINA	GRINA	chr8	143990055	+	False	False	False	0.7989949748743719	0.9326115061409179	True	False	True	False	False	True	False	True
MLLT10	MLLT10	chr10	21534231	+	False	False	False	0.7839195979899497	0.7065088757396449	True	False	True	False	False	True	False	True
APOL4	APOL4	chr22	36201808	-	False	False	False	0.5326633165829145	0.283374866500534	False	False	False	False	False	False	False	False
ZNF573	ZNF573	chr19	37779585	-	False	True	True	0.5175879396984925	0.6753393665158371	False	False	False	False	True	False	False	False
NEDD9	NEDD9	chr6	11232667	-	False	False	False	0.6231155778894473	0.6226857887874837	False	False	False	False	False	False	False	False
LRRC14	LRRC14	chr8	144517991	+	False	False	False	0.7989949748743719	0.9986617597858816	True	False	True	False	False	True	False	True
PTGR3	PTGR3	chr18	75209138	-	False	False	False	0.8241206030150754	0.8551647302244151	True	False	True	False	False	True	False	True
NLN	NLN	chr5	65722204	+	False	False	False	0.8090452261306532	0.7693298969072165	True	False	True	False	False	True	False	True
SLC37A1	SLC37A1	chr21	42513851	+	False	False	False	0.8442211055276382	1.0586670607359243	True	False	True	False	False	True	False	True
VIPAS39	VIPAS39	chr14	77457600	-	False	True	False	0.6030150753768844	0.7741039177549319	True	False	True	False	True	True	False	True
CASP9	CASP9	chr1	15524214	-	False	False	False	0.7537688442211056	0.7998086124401914	True	False	True	False	False	True	False	True
RNF207	RNF207	chr1	6206118	+	False	False	False	0.6984924623115578	0.8183982683982683	True	False	True	False	False	True	False	True
MSN	MSN	chrX	65667653	+	False	False	True	0.7185929648241206	0.9523512276321265	True	False	True	False	False	True	False	True
PAQR8	PAQR8	chr6	52362150	+	False	False	False	0.8291457286432161	0.9104191263282172	True	False	True	False	False	True	False	True
VAMP5	VAMP5	chr2	85584430	+	False	False	False	0.7788944723618091	0.8955	True	False	True	False	False	True	False	True
F2R	F2R	chr5	76716125	+	False	False	False	0.7537688442211056	1.0886625165063195	True	False	True	False	False	True	False	True
ANKRD37	ANKRD37	chr4	185396840	+	False	False	False	0.6180904522613065	0.7389920424403184	True	False	True	False	False	True	False	True
DNPH1	DNPH1	chr6	43229480	-	False	False	False	0.7587939698492462	0.7778962331201137	True	False	True	False	False	True	False	True
CYBA	CYBA	chr16	88651052	-	False	False	False	0.7487437185929648	0.7825842696629214	True	False	True	False	False	True	False	True
MOSMO	MOSMO	chr16	22008110	+	False	False	False	0.8492462311557789	1.1775147928994083	True	False	True	False	False	True	False	True
ITGA3	ITGA3	chr17	50056109	+	False	False	False	0.7788944723618091	0.9663544918487686	True	False	True	False	False	True	False	True
CAMKK2	CAMKK2	chr12	121296708	-	False	False	False	0.8492462311557789	1.0112930547713157	True	False	True	False	False	True	False	True
CMPK1	CMPK1	chr1	47333789	+	False	False	False	0.7386934673366834	1.045403377110694	True	False	True	False	False	True	False	True
TOMM40L	TOMM40L	chr1	161226059	+	False	False	False	0.5477386934673367	0.41458333333333336	False	False	False	False	False	False	False	False
POLR2D	POLR2D	chr2	127858154	-	False	False	False	0.7939698492462312	1.0927002583979328	True	False	True	False	False	True	False	True
ZNF90	ZNF90	chr19	20077999	+	False	False	False	0.5678391959798995	0.5034788108791903	False	False	False	False	False	False	False	False
C19orf12	C19ORF12	chr19	29715260	-	False	False	False	0.8140703517587939	0.737037037037037	True	False	True	False	False	True	False	True
POLR1D	POLR1D	chr13	27621891	+	False	False	False	0.7236180904522613	0.8883928571428571	True	False	True	False	False	True	False	True
CTC1	CTC1	chr17	8248055	-	False	False	False	0.6633165829145728	0.704840613931523	True	False	True	False	False	True	False	True
C12orf75	C12ORF75	chr12	105330690	+	False	False	False	0.8241206030150754	0.7893211289092296	True	False	True	False	False	True	False	True
FGFBP2	FGFBP2	chr4	15963174	-	False	False	False	0.5226130653266332	0.2971257932064203	False	False	False	False	False	False	False	False
XPO6	XPO6	chr16	28211964	-	False	True	False	0.7939698492462312	1.0848164181497515	True	False	True	False	True	True	False	True
NELFB	NELFB	chr9	137255326	+	False	False	False	0.8341708542713567	1.0801799007444168	True	False	True	False	False	True	False	True
STXBP1	STXBP1	chr9	127612276	+	False	False	False	0.8391959798994975	1.0563845050215208	True	False	True	False	False	True	False	True
ITFG2	ITFG2	chr12	2812667	+	False	False	False	0.5979899497487438	0.5688965122927387	False	False	False	False	False	False	False	False
SAMD9	SAMD9	chr7	93117978	-	False	False	False	0.39195979899497485	0.39276315789473687	False	False	False	False	False	False	False	False
GABPB2	GABPB2	chr1	151070760	+	False	False	False	0.49246231155778897	0.6675052410901468	False	False	False	False	False	False	False	False
CKLF	CKLF	chr16	66552575	+	False	False	False	0.678391959798995	1.214511754068716	True	False	True	False	False	True	False	True
PXK	PXK	chr3	58332891	+	False	False	False	0.8040201005025126	1.1923886639676113	True	False	True	False	False	True	False	True
DNMT3A	DNMT3A	chr2	25341924	-	False	False	False	0.8190954773869347	1.1110016420361248	True	False	True	False	False	True	False	True
FUS	FUS	chr16	31180138	+	False	False	False	0.6532663316582915	1.1401289090475053	True	False	True	False	False	True	False	True
DOCK7	DOCK7	chr1	62688385	-	False	False	False	0.7537688442211056	0.9907539118065434	True	False	True	False	False	True	False	True
TMEM80	TMEM80	chr11	695815	+	False	False	False	0.7688442211055276	1.272843567251462	True	False	True	False	False	True	False	True
CRTC3	CRTC3	chr15	90529922	+	False	False	False	0.8492462311557789	0.9805797101449275	True	False	True	False	False	True	False	True
NLRP3	NLRP3	chr1	247416172	+	False	False	False	0.5628140703517588	0.3209677419354839	False	False	False	False	False	False	False	False
CCT6B	CCT6B	chr17	34961459	-	False	False	False	0.5226130653266332	1.1792592592592592	False	False	False	False	False	False	False	False
SLC25A17	SLC25A17	chr22	40819345	-	False	False	False	0.6582914572864321	0.6961287313432836	True	False	True	False	False	True	False	True
UBA2	UBA2	chr19	34428380	+	False	False	False	0.7487437185929648	0.8276672694394214	True	False	True	False	False	True	False	True
FAM53B	FAM53B	chr10	124744377	-	False	False	False	0.8291457286432161	1.2622215346534653	True	False	True	False	False	True	False	True
ENSG00000275740	ENSG00000275740	chr5	146203549	+	False	False	False	0.6432160804020101	0.4863147605083089	False	False	False	False	False	False	False	False
ADAM19	ADAM19	chr5	157575774	-	False	False	False	0.7839195979899497	0.7811913295784264	True	False	True	False	False	True	False	True
TXNRD2	TXNRD2	chr22	19941817	-	False	False	False	0.7788944723618091	0.9342723004694836	True	False	True	False	False	True	False	True
STK3	STK3	chr8	98825687	-	False	False	False	0.7939698492462312	0.8858072247902756	True	False	True	False	False	True	False	True
SLC20A1	SLC20A1	chr2	112645938	+	False	False	False	0.7336683417085427	1.041279069767442	True	False	True	False	False	True	False	True
STX12	STX12	chr1	27773218	+	False	False	False	0.6884422110552764	0.9334754797441365	True	False	True	False	False	True	False	True
DDX42	DDX42	chr17	63774169	+	False	False	False	0.7286432160804021	0.9630274874177314	True	False	True	False	False	True	False	True
TNFRSF12A	TNFRSF12A	chr16	3020367	+	False	False	False	0.7939698492462312	0.9974937343358395	True	False	True	False	False	True	False	True
RPL23	RPL23	chr17	38853720	-	False	False	False	0.5477386934673367	0.9673611111111111	False	False	False	False	False	False	False	False
XBP1	XBP1	chr22	28800568	-	False	False	False	0.7386934673366834	1.2033257747543462	True	False	True	False	False	True	False	True
RAPGEF2	RAPGEF2	chr4	159103078	+	False	False	False	0.6733668341708543	0.7537878787878788	True	False	True	False	False	True	False	True
XPO5	XPO5	chr6	43576037	-	False	False	False	0.7638190954773869	1.0454710144927537	True	False	True	False	False	True	False	True
KATNAL2	KATNAL2	chr18	46917601	+	False	False	False	0.8140703517587939	1.1233870967741935	True	False	True	False	False	True	False	True
ERF	ERF	chr19	42255127	-	False	False	False	0.7989949748743719	1.1730235783633842	True	False	True	False	False	True	False	True
UNC93B1	UNC93B1	chr11	68004096	-	False	False	False	0.7638190954773869	0.8872837524522917	True	False	True	False	False	True	False	True
RDH11	RDH11	chr14	67695763	-	False	False	False	0.5879396984924623	0.6396843950905903	False	False	False	False	False	False	False	False
SLC4A7	SLC4A7	chr3	27484383	-	False	True	False	0.7286432160804021	1.203796412181894	True	False	True	False	True	True	False	True
THRAP3	THRAP3	chr1	36224442	+	False	False	False	0.6683417085427136	0.9354280059376546	True	False	True	False	False	True	False	True
MPZL2	MPZL2	chr11	118264296	-	False	False	False	0.5879396984924623	0.4205917874396135	False	False	False	False	False	False	False	False
CASC3	CASC3	chr17	40140536	+	False	False	False	0.7035175879396985	1.1779955092876098	True	False	True	False	False	True	False	True
TOP1MT	TOP1MT	chr8	143334879	-	False	False	False	0.8140703517587939	0.8206185567010309	True	False	True	False	False	True	False	True
AGPAT2	AGPAT2	chr9	136687456	-	False	False	False	0.8140703517587939	0.9711758426109501	True	False	True	False	False	True	False	True
CSRNP1	CSRNP1	chr3	39153590	-	False	False	False	0.7939698492462312	1.0205128205128204	True	False	True	False	False	True	False	True
GBGT1	GBGT1	chr9	133163913	-	False	False	False	0.7035175879396985	0.6939487179487179	True	False	True	False	False	True	False	True
RNF20	RNF20	chr9	101533852	+	False	False	False	0.6130653266331658	0.8577586206896551	True	False	True	False	False	True	False	True
UBE2G1	UBE2G1	chr17	4366674	-	False	False	False	0.7738693467336684	0.995	True	False	True	False	False	True	False	True
FKBP2	FKBP2	chr11	64241094	+	False	False	False	0.7587939698492462	0.9045454545454545	True	False	True	False	False	True	False	True
P2RY11	P2RY11	chr19	10111692	+	False	False	False	0.6432160804020101	0.21778385772913816	False	False	False	False	False	False	False	False
EBI3	EBI3	chr19	4229522	+	False	False	False	0.6683417085427136	0.32022988505747124	False	False	False	False	False	False	False	False
ZYX	ZYX	chr7	143381344	+	False	False	False	0.7738693467336684	0.9187756497948016	True	False	True	False	False	True	False	True
ENSG00000250644	ENSG00000250644	chr11	1763953	-	False	False	False	0.7788944723618091	1.1275755494505495	True	False	True	False	False	True	False	True
SMIM19	SMIM19	chr8	42541584	+	False	False	False	0.6080402010050251	1.1418032786885246	True	False	True	False	False	True	False	True
GPR146	GPR146	chr7	1044545	+	False	False	False	0.8391959798994975	0.9280093267269017	True	False	True	False	False	True	False	True
PABIR1	PABIR1	chr9	68780064	+	False	False	False	0.6984924623115578	0.9892294946147473	True	False	True	False	False	True	False	True
TMEM241	TMEM241	chr18	23437960	-	False	False	False	0.7135678391959799	0.9346538697161527	True	False	True	False	False	True	False	True
CERS2	CERS2	chr1	150974834	-	False	False	False	0.8190954773869347	0.9029038112522686	True	False	True	False	False	True	False	True
CRELD1	CRELD1	chr3	9933833	+	False	False	False	0.7035175879396985	0.9577317430424775	True	False	True	False	False	True	False	True
RALY	RALY	chr20	33993910	+	False	False	False	0.7939698492462312	1.1055555555555556	True	False	True	False	False	True	False	True
CPM	CPM	chr12	68933170	-	False	False	False	0.8140703517587939	0.8933782267115601	True	False	True	False	False	True	False	True
PRR11	PRR11	chr17	59155745	+	False	False	False	0.507537688442211	0.8604559748427673	False	False	False	False	False	False	False	False
IGF2R	IGF2R	chr6	159969081	+	False	False	False	0.7738693467336684	0.9423304583121934	True	False	True	False	False	True	False	True
AKNA	AKNA	chr9	114387981	-	False	False	False	0.6733668341708543	0.48207364341085274	False	False	False	False	False	False	False	False
PRKCH	PRKCH	chr14	61321578	+	False	False	True	0.7487437185929648	0.9743879472693032	True	False	True	False	False	True	False	True
ZNF600	ZNF600	chr19	52786790	-	False	True	False	0.6633165829145728	0.6982456140350877	True	False	True	False	True	True	False	True
COPS6	COPS6	chr7	100088968	+	False	False	False	0.7487437185929648	1.0493408662900188	True	False	True	False	False	True	False	True
NFATC1	NFATC1	chr18	79395929	+	False	False	False	0.7386934673366834	0.969785575048733	True	False	True	False	False	True	False	True
MIDEAS	MIDEAS	chr14	73760302	-	False	False	False	0.7085427135678392	0.963291649858814	True	False	True	False	False	True	False	True
FKBP11	FKBP11	chr12	48925491	-	False	False	False	0.7185929648241206	0.6317460317460317	False	False	False	False	False	False	False	False
RNF24	RNF24	chr20	4015557	-	False	False	False	0.8190954773869347	1.0209888059701493	True	False	True	False	False	True	False	True
PPP1R11	PPP1R11	chr6	30067197	+	False	False	False	0.6231155778894473	0.9516174402250351	True	False	True	False	False	True	False	True
NSMCE4A	NSMCE4A	chr10	121975216	-	False	True	False	0.7386934673366834	1.0422745978301533	True	False	True	False	True	True	False	True
TMTC3	TMTC3	chr12	88142306	+	False	False	False	0.628140703517588	0.7429333333333333	True	False	True	False	False	True	False	True
GALNT2	GALNT2	chr1	230067237	+	False	False	False	0.7788944723618091	0.9676391683433937	True	False	True	False	False	True	False	True
PANK4	PANK4	chr1	2526595	-	False	False	False	0.6030150753768844	0.9004524886877828	True	False	True	False	False	True	False	True
GZF1	GZF1	chr20	23362181	+	False	False	False	0.8140703517587939	0.8234482758620689	True	False	True	False	False	True	False	True
EML4	EML4	chr2	42169352	+	False	False	False	0.8040201005025126	1.2863382250174702	True	False	True	False	False	True	False	True
TAPBPL	TAPBPL	chr12	6452041	+	False	False	False	0.5527638190954773	0.36366959064327486	False	False	False	False	False	False	False	False
PIAS4	PIAS4	chr19	4007735	+	False	False	False	0.7738693467336684	1.1055555555555556	True	False	True	False	False	True	False	True
TUBA4A	TUBA4A	chr2	219253917	-	False	False	False	0.7286432160804021	0.837734404898584	True	False	True	False	False	True	False	True
ALCAM	ALCAM	chr3	105366908	+	False	False	False	0.7035175879396985	0.7311696264543784	True	False	True	False	False	True	False	True
GLRX3	GLRX3	chr10	130136390	+	False	False	False	0.7286432160804021	0.7633294975067128	True	False	True	False	False	True	False	True
METRN	METRN	chr16	715117	+	False	False	False	0.8391959798994975	0.9783111625216888	True	False	True	False	False	True	False	True
THEMIS	THEMIS	chr6	127901057	-	False	False	False	0.507537688442211	0.0	False	False	False	False	False	False	False	False
BCAR3	BCAR3	chr1	93681836	-	False	False	False	0.7738693467336684	1.0760509331937904	True	False	True	False	False	True	False	True
CSK	CSK	chr15	74782079	+	False	False	False	0.8492462311557789	0.9854272778720996	True	False	True	False	False	True	False	True
CAPG	CAPG	chr2	85410365	-	False	False	False	0.6231155778894473	0.43339382940108895	False	False	False	False	False	False	False	False
SPR	SPR	chr2	72887407	+	False	False	False	0.7939698492462312	0.8302310654685494	True	False	True	False	False	True	False	True
SNX2	SNX2	chr5	122775079	+	False	False	False	0.7386934673366834	0.9762558869701727	True	False	True	False	False	True	False	True
RAB11FIP2	RAB11FIP2	chr10	118046940	-	False	False	False	0.7386934673366834	0.9440227703984819	True	False	True	False	False	True	False	True
BTF3L4	BTF3L4	chr1	52056294	+	False	False	False	0.6733668341708543	0.8439732142857143	True	False	True	False	False	True	False	True
ASB9	ASB9	chrX	15270082	-	False	False	False	0.5477386934673367	0.4061224489795918	False	False	False	False	False	False	False	False
MKRN2	MKRN2	chr3	12557086	+	False	False	False	0.7336683417085427	0.9775174759115813	True	False	True	False	False	True	False	True
NFIL3	NFIL3	chr9	91423831	-	False	False	False	0.8391959798994975	1.206060606060606	True	False	True	False	False	True	False	True
SCAF4	SCAF4	chr21	31732117	-	False	False	False	0.8090452261306532	0.9248397435897436	True	False	True	False	False	True	False	True
ELL2	ELL2	chr5	95961850	-	False	False	False	0.7135678391959799	0.892948717948718	True	False	True	False	False	True	False	True
ASH1L	ASH1L	chr1	155562802	-	False	False	False	0.7437185929648241	0.9377480158730159	True	False	True	False	False	True	False	True
RECK	RECK	chr9	36036912	+	False	False	False	0.7688442211055276	0.9010797631487286	True	False	True	False	False	True	False	True
STK24	STK24	chr13	98577106	-	False	True	False	0.8693467336683417	0.9960768398268398	True	False	True	False	True	True	False	True
TSPAN14	TSPAN14	chr10	80454309	+	False	False	False	0.8341708542713567	1.1845238095238095	True	False	True	False	False	True	False	True
ANKS6	ANKS6	chr9	98796554	-	False	False	False	0.8391959798994975	1.059449866903283	True	False	True	False	False	True	False	True
CBX7	CBX7	chr22	39152679	-	False	False	False	0.7688442211055276	1.136159169550173	True	False	True	False	False	True	False	True
FOXK1	FOXK1	chr7	4682294	+	False	False	False	0.8241206030150754	1.1839816933638443	True	False	True	False	False	True	False	True
CAPN15	CAPN15	chr16	527711	+	False	False	False	0.7788944723618091	1.1287954621287954	True	False	True	False	False	True	False	True
LAMTOR5	LAMTOR5	chr1	110407693	-	False	False	True	0.6080402010050251	1.0222602739726028	True	False	True	False	False	True	False	True
UIMC1	UIMC1	chr5	177006778	-	False	False	False	0.7688442211055276	1.1090212469522813	True	False	True	False	False	True	False	True
CDK9	CDK9	chr9	127786033	+	False	False	False	0.8040201005025126	0.9754901960784313	True	False	True	False	False	True	False	True
SLC66A2	SLC66A2	chr18	79951652	-	False	False	False	0.8090452261306532	1.192581794622611	True	False	True	False	False	True	False	True
PHKB	PHKB	chr16	47461330	+	False	False	False	0.7286432160804021	0.9709211553473849	True	False	True	False	False	True	False	True
TUBA1B	TUBA1B	chr12	49131394	-	False	False	False	0.6934673366834171	0.9354700854700855	True	False	True	False	False	True	False	True
NPL	NPL	chr1	182789772	+	False	False	False	0.7688442211055276	1.1090212469522813	True	False	True	False	False	True	False	True
PPFIBP2	PPFIBP2	chr11	7513998	+	False	False	False	0.7437185929648241	0.9126765731058522	True	False	True	False	False	True	False	True
GPR68	GPR68	chr14	91244703	-	False	False	False	0.6180904522613065	0.32516339869281047	False	False	False	False	False	False	False	False
TMEM18	TMEM18	chr2	677405	-	False	False	False	0.5829145728643216	0.7692536425810288	True	False	True	False	False	True	False	True
GABARAP	GABARAP	chr17	7242448	-	False	False	False	0.6984924623115578	1.0300207039337475	True	False	True	False	False	True	False	True
RBM3	RBM3	chrX	48574483	+	False	False	False	0.5778894472361809	1.2539382482671708	True	False	True	False	False	True	False	True
CD40	CD40	chr20	46118313	+	False	False	False	0.6582914572864321	0.603874883286648	False	False	False	False	False	False	False	False
PLXNA1	PLXNA1	chr3	126983114	+	False	False	False	0.8542713567839196	1.1298989059687023	True	False	True	False	False	True	False	True
ZNF761	ZNF761	chr19	53431983	+	False	False	False	0.678391959798995	0.9357366771159875	True	False	True	False	False	True	False	True
CEP162	CEP162	chr6	84227642	-	False	False	True	0.5829145728643216	0.7100802854594113	True	False	True	False	False	True	False	True
MIDN	MIDN	chr19	1248582	+	False	False	False	0.7587939698492462	0.909634317862166	True	False	True	False	False	True	False	True
SLC39A6	SLC39A6	chr18	36129339	-	False	False	False	0.7185929648241206	0.9812623274161736	True	False	True	False	False	True	False	True
TFG	TFG	chr3	100709493	+	False	False	False	0.6381909547738693	1.0380029806259314	True	False	True	False	False	True	False	True
LARS2	LARS2	chr3	45388575	+	False	False	False	0.6532663316582915	0.8037538607745308	True	False	True	False	False	True	False	True
TCTN3	TCTN3	chr10	95693926	-	False	False	False	0.6482412060301508	0.8728070175438597	True	False	True	False	False	True	False	True
DOCK2	DOCK2	chr5	169637274	+	False	False	False	0.7236180904522613	0.6383319967923016	False	False	False	False	False	False	False	False
LBR	LBR	chr1	225428037	-	False	False	False	0.7638190954773869	1.1315113719735876	True	False	True	False	False	True	False	True
ZNF726	ZNF726	chr19	23914885	+	False	False	False	0.592964824120603	0.62956571757262	False	False	False	False	False	False	False	False
IL15	IL15	chr4	141636582	+	False	False	False	0.6633165829145728	0.7418452935694315	True	False	True	False	False	True	False	True
USP3	USP3	chr15	63504592	+	False	False	False	0.6884422110552764	1.1456289978678038	True	False	True	False	False	True	False	True
NUP62CL	NUP62CL	chrX	107206432	-	False	True	False	0.5879396984924623	0.827688651218063	True	False	True	False	True	True	False	True
PIM1	PIM1	chr6	37170151	+	False	False	False	0.8190954773869347	0.8783866057838661	True	False	True	False	False	True	False	True
EXOSC3	EXOSC3	chr9	37785063	-	False	False	False	0.6432160804020101	1.201509433962264	True	False	True	False	False	True	False	True
SGPP1	SGPP1	chr14	63728064	-	False	False	False	0.8442211055276382	0.961352657004831	True	False	True	False	False	True	False	True
ATP2B4	ATP2B4	chr1	203626831	+	False	False	False	0.5829145728643216	0.35504014272970563	False	False	False	False	False	False	False	False
DYNC1H1	DYNC1H1	chr14	101964572	+	False	False	False	0.7437185929648241	0.9533812419384559	True	False	True	False	False	True	False	True
P4HTM	P4HTM	chr3	48990240	+	False	False	False	0.8040201005025126	0.9964011891722735	True	False	True	False	False	True	False	True
ZNF217	ZNF217	chr20	53593838	-	False	False	False	0.7336683417085427	0.9304500292226768	True	False	True	False	False	True	False	True
CHTF18	CHTF18	chr16	788619	+	False	False	False	0.7889447236180904	1.1663953109736243	True	False	True	False	False	True	False	True
B4GALT2	B4GALT2	chr1	43979209	+	False	False	False	0.8743718592964824	1.079614810796148	True	False	True	False	False	True	False	True
RAB8A	RAB8A	chr19	16111888	+	False	False	False	0.6381909547738693	0.8396624472573839	True	False	True	False	False	True	False	True
KIAA2013	KIAA2013	chr1	11926426	-	False	False	False	0.7135678391959799	0.9876910859638673	True	False	True	False	False	True	False	True
ZNF568	ZNF568	chr19	36916331	+	False	False	False	0.6381909547738693	0.7440179461615155	True	False	True	False	False	True	False	True
SMG5	SMG5	chr1	156282824	-	False	False	False	0.6934673366834171	1.0854545454545454	True	False	True	False	False	True	False	True
TFEB	TFEB	chr6	41735607	-	False	False	False	0.7939698492462312	1.022085259373395	True	False	True	False	False	True	False	True
JAK2	JAK2	chr9	4985271	+	False	False	False	0.7035175879396985	0.8141688199827735	True	False	True	False	False	True	False	True
TYW5	TYW5	chr2	199955490	-	False	False	False	0.6432160804020101	0.8277465133349645	True	False	True	False	False	True	False	True
TBC1D10A	TBC1D10A	chr22	30326940	-	False	False	False	0.7989949748743719	0.9926837379447955	True	False	True	False	False	True	False	True
STAT6	STAT6	chr12	57111361	-	False	False	False	0.5326633165829145	0.29868667917448405	False	False	False	False	False	False	False	False
ARL4C	ARL4C	chr2	234497080	-	False	False	False	0.8391959798994975	0.9540674296319208	True	False	True	False	False	True	False	True
AARD	AARD	chr8	116938206	+	False	False	False	0.6180904522613065	0.5852941176470589	False	False	False	False	False	False	False	False
RTF2	RTF2	chr20	56468626	+	False	False	False	0.7085427135678392	1.0473684210526315	True	False	True	False	False	True	False	True
SACS	SACS	chr13	23433701	-	False	False	False	0.5778894472361809	0.4286153846153846	False	False	False	False	False	False	False	False
DNAJB14	DNAJB14	chr4	99946617	-	False	False	False	0.7185929648241206	0.9353701527614571	True	False	True	False	False	True	False	True
RFX7	RFX7	chr15	56243878	-	False	False	False	0.8442211055276382	0.9961384439359268	True	False	True	False	False	True	False	True
MIB2	MIB2	chr1	1615499	+	False	False	False	0.7688442211055276	0.7496575342465753	True	False	True	False	False	True	False	True
YARS2	YARS2	chr12	32755896	-	False	False	False	0.5628140703517588	0.6353767560664112	False	False	False	False	False	False	False	False
TRPV2	TRPV2	chr17	16415570	+	False	False	False	0.6381909547738693	0.25369709331973483	False	False	False	False	False	False	False	False
NME2	NME2	chr17	51166410	+	False	False	False	0.7939698492462312	0.8323680823680824	True	False	True	False	False	True	False	True
DYNLT1	DYNLT1	chr6	158644742	-	False	False	False	0.7437185929648241	0.9024943310657596	True	False	True	False	False	True	False	True
FYTTD1	FYTTD1	chr3	197749882	+	False	False	False	0.7989949748743719	1.13570069752695	True	False	True	False	False	True	False	True
ATP2B1	ATP2B1	chr12	89708837	-	False	False	False	0.7788944723618091	0.8631965298631965	True	False	True	False	False	True	False	True
PTPMT1	PTPMT1	chr11	47565598	+	False	False	False	0.7738693467336684	0.9748310810810811	True	False	True	False	False	True	False	True
ENSG00000285304	ENSG00000285304	chr22	37639692	+	False	False	False	0.7989949748743719	0.7886810399492707	True	False	True	False	False	True	False	True
NINJ1	NINJ1	chr9	93134250	-	False	False	False	0.7989949748743719	0.8624398073836276	True	False	True	False	False	True	False	True
CEACAM1	CEACAM1	chr19	42528480	-	False	False	False	0.5879396984924623	0.23398001175778954	False	False	False	False	False	False	False	False
DYNLT4	DYNLT4	chr1	44807350	-	False	False	False	0.6030150753768844	0.1658794109474854	False	False	False	False	False	False	False	False
ABHD15	ABHD15	chr17	29567036	-	False	False	False	0.8140703517587939	1.0047429620563035	True	False	True	False	False	True	False	True
TM9SF3	TM9SF3	chr10	96587011	-	False	False	False	0.7788944723618091	1.1043680630146795	True	False	True	False	False	True	False	True
DNAJC12	DNAJC12	chr10	67838187	-	False	False	False	0.40703517587939697	0.12134146341463414	False	False	False	False	False	False	False	False
SVBP	SVBP	chr1	42817396	-	False	False	False	0.8040201005025126	0.8897168405365127	True	False	True	False	False	True	False	True
HABP4	HABP4	chr9	96450168	+	False	False	False	0.8241206030150754	1.02609375	True	False	True	False	False	True	False	True
ZNF714	ZNF714	chr19	21082202	+	False	False	False	0.6130653266331658	0.5360991379310345	False	False	False	False	False	False	False	False
ACAP3	ACAP3	chr1	1307929	-	False	True	False	0.8391959798994975	1.1970363849765258	True	False	True	False	True	True	False	True
PIGC	PIGC	chr1	172444068	-	False	False	False	0.6834170854271356	0.826448087431694	True	False	True	False	False	True	False	True
PLCB2	PLCB2	chr15	40307934	-	False	False	False	0.6683417085427136	0.14385542168674698	False	False	False	False	False	False	False	False
CEP72	CEP72	chr5	612339	+	False	False	False	0.7688442211055276	1.0254208175884576	True	False	True	False	False	True	False	True
WDR81	WDR81	chr17	1724703	+	False	False	False	0.7839195979899497	0.917201646090535	True	False	True	False	False	True	False	True
TENT5C	TENT5C	chr1	117606047	+	False	False	False	0.7537688442211056	0.7784495021337127	True	False	True	False	False	True	False	True
ARAP1	ARAP1	chr11	72752407	-	False	False	False	0.7386934673366834	0.738404452690167	True	False	True	False	False	True	False	True
SLC39A3	SLC39A3	chr19	2740016	-	False	False	False	0.7487437185929648	0.9386792452830188	True	False	True	False	False	True	False	True
CDKN2A	CDKN2A	chr9	21974856	-	False	False	False	0.7587939698492462	0.7662687716596073	True	False	True	False	False	True	False	True
PYHIN1	PYHIN1	chr1	158931551	+	False	False	False	0.4221105527638191	0.11339031339031339	False	False	False	False	False	False	False	False
GINS4	GINS4	chr8	41529260	+	False	False	False	0.6432160804020101	0.9726295210166178	True	False	True	False	False	True	False	True
SYNRG	SYNRG	chr17	37609417	-	False	False	False	0.7286432160804021	0.8728070175438597	True	False	True	False	False	True	False	True
GLUD1	GLUD1	chr10	87094842	-	False	False	False	0.6733668341708543	0.9311497326203209	True	False	True	False	False	True	False	True
NOTCH2	NOTCH2	chr1	120069661	-	False	False	False	0.7336683417085427	1.017798690671031	True	False	True	False	False	True	False	True
ERC1	ERC1	chr12	991222	+	False	False	False	0.8241206030150754	1.00341574495771	True	False	True	False	False	True	False	True
INPP5F	INPP5F	chr10	119726049	+	False	False	False	0.7738693467336684	0.7409574468085106	True	False	True	False	False	True	False	True
ST3GAL1	ST3GAL1	chr8	133571886	-	False	False	False	0.628140703517588	0.6626536885245902	True	False	True	False	False	True	False	True
ANGPTL4	ANGPTL4	chr19	8364154	+	True	False	False	0.6633165829145728	0.9054600606673407	True	False	False	True	False	True	False	False
METTL5	METTL5	chr2	169824904	-	False	False	False	0.7537688442211056	1.028882153681583	True	False	True	False	False	True	False	True
BAX	BAX	chr19	48954874	+	False	False	False	0.7889447236180904	1.1283505154639175	True	False	True	False	False	True	False	True
SMIM7	SMIM7	chr19	16660143	-	False	False	False	0.6180904522613065	0.6324152542372882	False	False	False	False	False	False	False	False
MSI2	MSI2	chr17	57256522	+	False	False	False	0.7587939698492462	0.8031011045029737	True	False	True	False	False	True	False	True
SLC31A2	SLC31A2	chr9	113151006	+	False	False	False	0.7437185929648241	1.1284068044631426	True	False	True	False	False	True	False	True
NSMAF	NSMAF	chr8	58659852	-	False	False	False	0.7638190954773869	0.9653499653499653	True	False	True	False	False	True	False	True
KCNH3	KCNH3	chr12	49539029	+	False	False	False	0.7386934673366834	0.8561541339319118	True	False	True	False	False	True	False	True
ENTPD4	ENTPD4	chr8	23457646	-	False	False	False	0.7889447236180904	0.9104575163398693	True	False	True	False	False	True	False	True
KDELR2	KDELR2	chr7	6484151	-	False	False	False	0.7939698492462312	1.0863523573200993	True	False	True	False	False	True	False	True
RAB3IP	RAB3IP	chr12	69738859	+	False	False	False	0.7889447236180904	0.9854849726775956	True	False	True	False	False	True	False	True
DENND3	DENND3	chr8	141128588	+	False	False	False	0.7989949748743719	0.8182565789473685	True	False	True	False	False	True	False	True
KLF8	KLF8	chrX	56232355	+	False	False	False	0.6532663316582915	0.5046491969568893	False	False	False	False	False	False	False	False
TNIK	TNIK	chr3	171460404	-	False	False	False	0.5829145728643216	0.5705638738451736	False	False	False	False	False	False	False	False
MAST1	MAST1	chr19	12838514	+	False	False	False	0.7587939698492462	1.0437062937062938	True	False	True	False	False	True	False	True
ITM2C	ITM2C	chr2	230864941	+	False	False	False	0.7587939698492462	0.9961494031574895	True	False	True	False	False	True	False	True
ENSG00000258311	ENSG00000258311	chr12	55716035	+	False	False	False	0.6432160804020101	0.7553137651821862	True	False	True	False	False	True	False	True
MLDHR	MLDHR	chr10	87863558	+	False	False	False	0.7386934673366834	1.0683080340614588	True	False	True	False	False	True	False	True
GINS1	GINS1	chr20	25407672	+	False	False	False	0.6231155778894473	0.9877220480668757	True	False	True	False	False	True	False	True
ENTREP3	ENTREP3	chr1	155255482	-	False	True	False	0.7085427135678392	0.6992558908639934	True	False	True	False	True	True	False	True
CBX3	CBX3	chr7	26201744	+	False	False	False	0.7788944723618091	0.9308386234547277	True	False	True	False	False	True	False	True
STK38L	STK38L	chr12	27244285	+	False	False	False	0.7939698492462312	1.0307435254803676	True	False	True	False	False	True	False	True
GIMAP2	GIMAP2	chr7	150685705	+	False	True	False	0.44221105527638194	0.5272919978802332	False	False	False	False	True	False	False	False
NECTIN1	NECTIN1	chr11	119729199	-	False	False	False	0.7085427135678392	1.0602459016393442	True	False	True	False	False	True	False	True
UBALD1	UBALD1	chr16	4614887	-	False	False	False	0.7185929648241206	1.2334710743801653	True	False	True	False	False	True	False	True
BTN3A1	BTN3A1	chr6	26402274	+	False	False	False	0.3969849246231156	0.2674731182795699	False	False	False	False	False	False	False	False
HEATR3	HEATR3	chr16	50065969	+	False	False	False	0.7336683417085427	1.0014090177133654	True	False	True	False	False	True	False	True
LMF2	LMF2	chr22	50507701	-	False	False	False	0.7638190954773869	0.9429560780025514	True	False	True	False	False	True	False	True
ANXA1	ANXA1	chr9	73151864	+	False	False	False	0.38190954773869346	0.0	False	False	False	False	False	False	False	False
DNAAF5	DNAAF5	chr7	726698	+	False	False	False	0.7487437185929648	1.0329996292176493	True	False	True	False	False	True	False	True
MTMR9	MTMR9	chr8	11284815	+	False	False	False	0.7587939698492462	0.8441145281018028	True	False	True	False	False	True	False	True
ALG1	ALG1	chr16	5071842	+	False	False	True	0.7085427135678392	0.8480113636363636	True	False	True	False	False	True	False	True
KAT6A	KAT6A	chr8	42051986	-	False	False	False	0.7236180904522613	0.8189300411522634	True	False	True	False	False	True	False	True
TGFB1	TGFB1	chr19	41353921	-	False	False	False	0.8090452261306532	0.6697115384615384	True	False	True	False	False	True	False	True
DTNBP1	DTNBP1	chr6	15663027	-	False	False	False	0.7939698492462312	1.0829931972789115	True	False	True	False	False	True	False	True
PLA2G12A	PLA2G12A	chr4	109730069	-	False	False	False	0.8040201005025126	0.9900497512437811	True	False	True	False	False	True	False	True
WSB2	WSB2	chr12	118061178	-	False	False	False	0.8140703517587939	0.9167690417690417	True	False	True	False	False	True	False	True
TSPO	TSPO	chr22	43151558	+	False	False	False	0.7939698492462312	0.7376875551632833	True	False	True	False	False	True	False	True
PRIMPOL	PRIMPOL	chr4	184649737	+	False	False	False	0.6834170854271356	0.87607307946291	True	False	True	False	False	True	False	True
SLC16A7	SLC16A7	chr12	59596028	+	False	False	False	0.7638190954773869	0.7349953831948292	True	False	True	False	False	True	False	True
BRD10	BRD10	chr9	6008481	-	False	False	False	0.6482412060301508	0.528743961352657	False	False	False	False	False	False	False	False
ARL8A	ARL8A	chr1	202144736	-	False	False	False	0.8090452261306532	1.1285444234404536	True	False	True	False	False	True	False	True
SLC25A40	SLC25A40	chr7	87876359	-	False	False	True	0.7437185929648241	1.2299658994032396	True	False	True	False	False	True	False	True
UBQLN4	UBQLN4	chr1	156053797	-	False	False	False	0.7839195979899497	0.9115236258437801	True	False	True	False	False	True	False	True
NPC2	NPC2	chr14	74493304	-	False	False	False	0.6582914572864321	0.7922716627634661	True	False	True	False	False	True	False	True
DEXI	DEXI	chr16	10942467	-	False	False	False	0.7839195979899497	0.9388432640223658	True	False	True	False	False	True	False	True
VNN2	VNN2	chr6	132757903	-	False	False	False	0.3969849246231156	0.0	False	False	False	False	False	False	False	False
CRYBG3	CRYBG3	chr3	97822010	+	False	False	False	0.7788944723618091	1.0463025780189958	True	False	True	False	False	True	False	True
RAB9A	RAB9A	chrX	13689127	+	False	False	False	0.7537688442211056	0.7883418222976797	True	False	True	False	False	True	False	True
PSEN2	PSEN2	chr1	226870615	+	False	False	False	0.8090452261306532	0.892948717948718	True	False	True	False	False	True	False	True
PEMT	PEMT	chr17	17591707	-	False	False	False	0.6633165829145728	0.8316693754353378	True	False	True	False	False	True	False	True
PPFIA1	PPFIA1	chr11	70270689	+	False	False	False	0.7939698492462312	1.052910052910053	True	False	True	False	False	True	False	True
LCMT1	LCMT1	chr16	25111741	+	False	False	False	0.6633165829145728	0.8687959558823529	True	False	True	False	False	True	False	True
KLHL2	KLHL2	chr4	165207560	+	False	False	False	0.7839195979899497	1.0494396835860251	True	False	True	False	False	True	False	True
ZNF43	ZNF43	chr19	21836181	-	False	False	False	0.5979899497487438	0.5738177623990772	False	False	False	False	False	False	False	False
BLOC1S5	BLOC1S5	chr6	8064388	-	False	False	False	0.6834170854271356	0.8538843721770552	True	False	True	False	False	True	False	True
TRAF5	TRAF5	chr1	211326832	+	False	False	False	0.8442211055276382	1.1062199519230769	True	False	True	False	False	True	False	True
SIRPG	SIRPG	chr20	1657778	-	False	False	True	0.5226130653266332	0.07458770614692653	False	False	False	False	False	False	False	False
ZNF92	ZNF92	chr7	65373854	+	False	False	False	0.5829145728643216	0.772700119474313	True	False	True	False	False	True	False	True
PHEX	PHEX	chrX	22032324	+	False	False	False	0.3768844221105528	0.0	False	False	False	False	False	False	False	False
DAP	DAP	chr5	10761233	-	False	False	False	0.7989949748743719	1.2103072983354672	True	False	True	False	False	True	False	True
CENPB	CENPB	chr20	3786739	-	False	False	False	0.8542713567839196	1.210354546803145	True	False	True	False	False	True	False	True
CHTF8	CHTF8	chr16	69132587	-	False	False	False	0.7788944723618091	1.1635482793184095	True	False	True	False	False	True	False	True
DCK	DCK	chr4	70993648	+	False	False	False	0.7537688442211056	0.8883928571428571	True	False	True	False	False	True	False	True
CA11	CA11	chr19	48646186	-	False	False	False	0.5829145728643216	0.3632712668857247	False	False	False	False	False	False	False	False
TBC1D32	TBC1D32	chr6	121334479	-	False	False	True	0.6633165829145728	1.0456173871507046	True	False	True	False	False	True	False	True
ZBTB2	ZBTB2	chr6	151391558	-	False	False	False	0.7185929648241206	1.0125244618395304	True	False	True	False	False	True	False	True
ASAP1	ASAP1	chr8	130443673	-	False	False	False	0.7587939698492462	1.1079382183908046	True	False	True	False	False	True	False	True
OSBPL10	OSBPL10	chr3	31981261	-	False	False	False	0.7085427135678392	0.8076298701298701	True	False	True	False	False	True	False	True
PTPRCAP	PTPRCAP	chr11	67437681	-	False	True	False	0.6733668341708543	0.41458333333333336	False	False	False	False	True	False	False	False
WDR5	WDR5	chr9	134136081	+	False	False	False	0.8090452261306532	1.1023134571521669	True	False	True	False	False	True	False	True
PREP	PREP	chr6	105403081	-	False	False	False	0.7939698492462312	1.0205128205128204	True	False	True	False	False	True	False	True
NCBP3	NCBP3	chr17	3846245	-	False	False	False	0.7738693467336684	0.8599827139152982	True	False	True	False	False	True	False	True
DNAJC14	DNAJC14	chr12	55829586	-	False	False	False	0.6934673366834171	0.9291171477079796	True	False	True	False	False	True	False	True
ACSL1	ACSL1	chr4	184825967	-	False	False	False	0.7839195979899497	1.005050505050505	True	False	True	False	False	True	False	True
SLC19A1	SLC19A1	chr21	45542439	-	False	False	False	0.8241206030150754	1.0359958351926224	True	False	True	False	False	True	False	True
TNFSF8	TNFSF8	chr9	114930590	-	False	False	False	0.5025125628140703	0.6207664884135472	False	False	False	False	False	False	False	False
SUCLG2	SUCLG2	chr3	67654611	-	False	False	False	0.7085427135678392	0.8752314814814814	True	False	True	False	False	True	False	True
PLPP5	PLPP5	chr8	38269223	-	False	False	False	0.7738693467336684	0.993629476584022	True	False	True	False	False	True	False	True
PDE4A	PDE4A	chr19	10420537	+	False	False	False	0.8140703517587939	0.9835778061224489	True	False	True	False	False	True	False	True
NACC2	NACC2	chr9	136095288	-	False	False	False	0.8241206030150754	1.0679785330948122	True	False	True	False	False	True	False	True
DUSP3	DUSP3	chr17	43778976	-	False	False	False	0.7889447236180904	1.0159749670619236	True	False	True	False	False	True	False	True
ZNF680	ZNF680	chr7	64563070	-	False	False	False	0.5829145728643216	0.5922619047619048	False	False	False	False	False	False	False	False
ARPC2	ARPC2	chr2	218217188	+	False	False	False	0.7487437185929648	1.0377555277430122	True	False	True	False	False	True	False	True
IL10RB	IL10RB	chr21	33266366	+	False	False	False	0.7939698492462312	0.8295654962321629	True	False	True	False	False	True	False	True
C11orf68	C11ORF68	chr11	65919061	-	False	False	False	0.7939698492462312	0.9941982272361	True	False	True	False	False	True	False	True
COL18A1	COL18A1	chr21	45405164	+	False	False	False	0.8442211055276382	0.7937321937321937	True	False	True	False	False	True	False	True
INF2	INF2	chr14	104689617	+	False	False	False	0.8442211055276382	0.9268329326923077	True	False	True	False	False	True	False	True
DGKH	DGKH	chr13	42048647	+	False	False	False	0.7889447236180904	0.9383739837398374	True	False	True	False	False	True	False	True
CLIP1	CLIP1	chr12	122422668	-	False	False	False	0.8743718592964824	1.1161858974358974	True	False	True	False	False	True	False	True
KMT2C	KMT2C	chr7	152436002	-	False	False	False	0.8241206030150754	1.03842504743833	True	False	True	False	False	True	False	True
ZDHHC17	ZDHHC17	chr12	76764114	+	False	False	False	0.7889447236180904	1.006033920417482	True	False	True	False	False	True	False	True
SLC25A22	SLC25A22	chr11	798280	-	False	False	False	0.7989949748743719	1.0422258592471358	True	False	True	False	False	True	False	True
RAC3	RAC3	chr17	82031677	+	False	False	False	0.8492462311557789	1.2002059429243894	True	False	True	False	False	True	False	True
MAPK11	MAPK11	chr22	50270379	-	False	False	False	0.8693467336683417	0.9577832783278328	True	False	True	False	False	True	False	True
SLC35E4	SLC35E4	chr22	30635780	+	False	False	False	0.7336683417085427	0.8484496124031008	True	False	True	False	False	True	False	True
TDRD7	TDRD7	chr9	97412095	+	False	False	False	0.8090452261306532	1.0326414462671576	True	False	True	False	False	True	False	True
IL7R	IL7R	chr5	35856890	+	False	False	False	0.4221105527638191	0.0	False	False	False	False	False	False	False	False
RELL1	RELL1	chr4	37686375	-	False	False	False	0.7989949748743719	0.9819078947368421	True	False	True	False	False	True	False	True
PIP4P2	PIP4P2	chr8	91040858	-	False	False	False	0.7537688442211056	0.6248037676609105	False	False	False	False	False	False	False	False
DBN1	DBN1	chr5	177473633	-	False	False	False	0.7989949748743719	1.0698924731182795	True	False	True	False	False	True	False	True
TBC1D9B	TBC1D9B	chr5	179907896	-	False	False	False	0.8341708542713567	1.1324967167663798	True	False	True	False	False	True	False	True
PBX2	PBX2	chr6	32190201	-	False	False	False	0.6984924623115578	0.5922619047619048	False	False	False	False	False	False	False	False
SLC29A3	SLC29A3	chr10	71319258	+	False	False	False	0.7537688442211056	1.0212609970674487	True	False	True	False	False	True	False	True
ZDHHC18	ZDHHC18	chr1	26826687	+	False	False	False	0.8592964824120602	0.995	True	False	True	False	False	True	False	True
CCSAP	CCSAP	chr1	229343046	-	False	False	False	0.7738693467336684	1.0468352282368911	True	False	True	False	False	True	False	True
ABCC1	ABCC1	chr16	15949615	+	False	False	False	0.864321608040201	1.0292636450251804	True	False	True	False	False	True	False	True
POMGNT1	POMGNT1	chr1	46198433	-	False	False	False	0.8492462311557789	0.9314893617021277	True	False	True	False	False	True	False	True
CPNE2	CPNE2	chr16	57092582	+	False	False	False	0.8241206030150754	0.9107551487414187	True	False	True	False	False	True	False	True
SIAE	SIAE	chr11	124673738	-	False	True	False	0.678391959798995	0.6554677206851119	True	False	True	False	True	True	False	True
RPL23A	RPL23A	chr17	28719984	+	False	False	False	0.5628140703517588	0.9629032258064516	True	False	True	False	False	True	False	True
ZNF710	ZNF710	chr15	90001323	+	False	False	False	0.5226130653266332	0.388671875	False	False	False	False	False	False	False	False
